repo_id,repo_name,self_ref_ratio,repo_name_used,i_pr_rec_cnt,repo_created_at,category_label,project_age_years,external_ref_ratio
41986369,pingcap/tidb,0.2358012411395671,pingcap/tidb,156795,2015-09-06T04:01:52Z,Key-value,8.314852840520192,0.7641987588604329
41986369,pingcap/tidb,0.2358012411395671,pingcap/tidb,156795,2015-09-06T04:01:52Z,Relational,8.314852840520192,0.7641987588604329
16563587,cockroachdb/cockroach,0.6341031777316337,cockroachdb/cockroach,151646,2014-02-06T00:18:47Z,Relational,9.894592744695414,0.3658968222683663
99919302,apache/doris,0.3935038195847524,apache/doris,147649,2017-08-10T12:13:30Z,Relational,6.3874058863791925,0.6064961804152476
507775,elastic/elasticsearch,0.6147933587020313,elastic/elasticsearch,85261,2010-02-08T13:20:56Z,Document,13.88911704312115,0.38520664129796867
507775,elastic/elasticsearch,0.6147933587020313,elastic/elasticsearch,85261,2010-02-08T13:20:56Z,Search Engine,13.88911704312115,0.38520664129796867
60246359,ClickHouse/ClickHouse,0.6851912261701267,ClickHouse/ClickHouse,78015,2016-06-02T08:28:18Z,Relational,7.575633127994524,0.31480877382987327
334274271,opensearch-project/OpenSearch,0.3596535529974515,opensearch-project/OpenSearch,74384,2021-01-29T22:10:00Z,Search Engine,2.915811088295688,0.6403464470025485
17165658,apache/spark,0.2568893992147567,apache/spark,73225,2014-02-25T08:00:08Z,Relational,9.842573579739904,0.7431106007852433
208728772,milvus-io/milvus,0.2815335349581925,milvus-io/milvus,69104,2019-09-16T06:43:43Z,Vector,4.287474332648871,0.7184664650418076
388946490,facebookincubator/velox,0.2592796626267999,facebookincubator/velox,61397,2021-07-23T23:00:23Z,Relational,2.43668720054757,0.7407203373732001
166515022,trinodb/trino,0.4226510980700587,trinodb/trino,52307,2019-01-19T06:38:14Z,Relational,4.944558521560575,0.5773489019299414
453068084,risingwavelabs/risingwave,0.4829209406895494,risingwavelabs/risingwave,49277,2022-01-28T12:58:03Z,Relational,1.919233401779603,0.5170790593104506
114187903,apple/foundationdb,0.3548510350638281,apple/foundationdb,45114,2017-12-14T01:40:42Z,Key-value,6.0424366872005475,0.6451489649361719
114187903,apple/foundationdb,0.3548510350638281,apple/foundationdb,45114,2017-12-14T01:40:42Z,Document,6.0424366872005475,0.6451489649361719
339993112,matrixorigin/matrixone,0.516458026509573,matrixorigin/matrixone,35681,2021-02-18T09:07:17Z,Relational,2.861054072553046,0.48354197349042705
358917318,apache/arrow-datafusion,0.4528060263653484,apache/arrow-datafusion,31591,2021-04-17T15:40:23Z,Relational,2.702258726899384,0.5471939736346516
20587599,apache/flink,0.2860689166026361,apache/flink,28643,2014-06-07T07:00:10Z,Relational,9.56331279945243,0.7139310833973639
3786237,hazelcast/hazelcast,0.2598692936551957,hazelcast/hazelcast,28226,2012-03-21T12:25:18Z,Key-value,11.775496235455167,0.7401307063448044
302827809,datafuselabs/databend,0.2727429507631284,datafuselabs/databend,28205,2020-10-10T06:04:42Z,Relational,3.2197125256673513,0.7272570492368716
351806852,neondatabase/neon,0.4940905374265963,neondatabase/neon,28189,2021-03-26T14:20:47Z,Relational,2.7624914442162902,0.5059094625734037
351806852,neondatabase/neon,0.4940905374265963,neondatabase/neon,28189,2021-03-26T14:20:47Z,Object Oriented,2.7624914442162902,0.5059094625734037
49876476,apache/shardingsphere,0.4682279724860793,apache/shardingsphere,24726,2016-01-18T12:49:26Z,Relational,7.94798083504449,0.5317720275139207
48833910,tikv/tikv,0.4146263231048861,tikv/tikv,24475,2015-12-31T04:51:32Z,Key-value,7.997262149212868,0.5853736768951139
5349565,prestodb/presto,0.4423321426409154,prestodb/presto,24094,2012-08-09T01:03:37Z,Key-value,11.38945927446954,0.5576678573590845
5349565,prestodb/presto,0.4423321426409154,prestodb/presto,24094,2012-08-09T01:03:37Z,Relational,11.38945927446954,0.5576678573590845
5349565,prestodb/presto,0.4423321426409154,prestodb/presto,24094,2012-08-09T01:03:37Z,Document,11.38945927446954,0.5576678573590845
5349565,prestodb/presto,0.4423321426409154,prestodb/presto,24094,2012-08-09T01:03:37Z,Wide column,11.38945927446954,0.5576678573590845
385634291,grafana/mimir,0.3309182861688828,grafana/mimir,23492,2021-07-13T14:34:08Z,Relational,2.4640657084188913,0.6690817138311171
6358188,apache/druid,0.6491730981256891,apache/druid,22993,2012-10-23T19:08:07Z,Relational,11.184120465434633,0.35082690187431087
6358188,apache/druid,0.6491730981256891,apache/druid,22993,2012-10-23T19:08:07Z,Wide column,11.184120465434633,0.35082690187431087
11008207,vitessio/vitess,0.222680432099356,vitessio/vitess,22224,2013-06-27T21:20:28Z,Relational,10.507871321013004,0.7773195679006439
19961085,apache/pinot,0.1969413700269219,apache/pinot,22019,2014-05-19T23:27:48Z,Relational,9.61533196440794,0.8030586299730781
138754790,duckdb/duckdb,0.5667457998539079,duckdb/duckdb,20663,2018-06-26T15:04:45Z,Relational,5.51129363449692,0.43325420014609206
480217156,GreptimeTeam/greptimedb,0.3545561275173846,GreptimeTeam/greptimedb,19961,2022-04-11T03:46:48Z,Time Series,1.7193702943189597,0.6454438724826155
105944401,yugabyte/yugabyte-db,0.376874387762791,yugabyte/yugabyte-db,18841,2017-10-05T21:56:00Z,Key-value,6.234086242299795,0.6231256122372091
105944401,yugabyte/yugabyte-db,0.376874387762791,yugabyte/yugabyte-db,18841,2017-10-05T21:56:00Z,Relational,6.234086242299795,0.6231256122372091
2944302,wiredtiger/wiredtiger,0.8407905035220454,wiredtiger/wiredtiger,18588,2011-12-09T00:43:19Z,Key-value,12.057494866529774,0.15920949647795457
422821402,FerretDB/FerretDB,0.212758607454036,FerretDB/FerretDB,17804,2021-10-30T08:06:36Z,Document,2.1656399726214923,0.787241392545964
206444,apache/hive,0.015545103577082,apache/hive,17402,2009-05-21T02:31:01Z,Relational,14.609171800136892,0.984454896422918
911980,tarantool/tarantool,0.5463227330904795,tarantool/tarantool,16770,2010-09-15T07:59:26Z,Key-value,13.289527720739219,0.4536772669095205
911980,tarantool/tarantool,0.5463227330904795,tarantool/tarantool,16770,2010-09-15T07:59:26Z,Document,13.289527720739219,0.4536772669095205
11225014,etcd-io/etcd,0.294566924868642,etcd-io/etcd,16581,2013-07-06T21:57:21Z,Key-value,10.483230663928817,0.705433075131358
2649214,arangodb/arangodb,0.6526440630668341,arangodb/arangodb,16470,2011-10-26T06:42:00Z,Key-value,12.177960301163587,0.3473559369331659
2649214,arangodb/arangodb,0.6526440630668341,arangodb/arangodb,16470,2011-10-26T06:42:00Z,Document,12.177960301163587,0.3473559369331659
2649214,arangodb/arangodb,0.6526440630668341,arangodb/arangodb,16470,2011-10-26T06:42:00Z,Graph,12.177960301163587,0.3473559369331659
114619105,apache/kyuubi,0.3291508608112051,apache/kyuubi,16360,2017-12-18T09:05:10Z,Relational,6.031485284052019,0.670849139188795
60377070,vespa-engine/vespa,0.2207289293849658,vespa-engine/vespa,16041,2016-06-03T20:54:20Z,Document,7.572895277207392,0.7792710706150342
60377070,vespa-engine/vespa,0.2207289293849658,vespa-engine/vespa,16041,2016-06-03T20:54:20Z,Search Engine,7.572895277207392,0.7792710706150342
542714,ravendb/ravendb,0.2638926909389543,ravendb/ravendb,15125,2010-03-02T11:05:30Z,Key-value,13.828884325804244,0.7361073090610457
542714,ravendb/ravendb,0.2638926909389543,ravendb/ravendb,15125,2010-03-02T11:05:30Z,Document,13.828884325804244,0.7361073090610457
158975124,apache/iotdb,0.1418260389849209,apache/iotdb,14712,2018-11-24T21:29:17Z,Time Series,5.0978781656399725,0.8581739610150791
158975124,apache/iotdb,0.1418260389849209,apache/iotdb,14712,2018-11-24T21:29:17Z,Hierarchical,5.0978781656399725,0.8581739610150791
206424,apache/cassandra,0.1204022228102672,apache/cassandra,14020,2009-05-21T02:10:09Z,Key-value,14.609171800136892,0.8795977771897328
206424,apache/cassandra,0.1204022228102672,apache/cassandra,14020,2009-05-21T02:10:09Z,Wide column,14.609171800136892,0.8795977771897328
156018,redis/redis,0.4206876625252817,redis/redis,13796,2009-03-21T22:32:25Z,Key-value,14.77618069815195,0.5793123374747182
196353673,taosdata/TDengine,0.6000599535360096,taosdata/TDengine,13449,2019-07-11T08:33:48Z,Relational,4.470910335386721,0.3999400464639904
196353673,taosdata/TDengine,0.6000599535360096,taosdata/TDengine,13449,2019-07-11T08:33:48Z,Time Series,4.470910335386721,0.3999400464639904
84240850,timescale/timescaledb,0.3791433637975719,timescale/timescaledb,12176,2017-03-07T20:03:41Z,Time Series,6.8145106091718,0.6208566362024281
9342529,crate/crate,0.5746133333333333,crate/crate,12002,2013-04-10T09:17:16Z,Document,10.72142368240931,0.4253866666666667
150954997,VictoriaMetrics/VictoriaMetrics,0.4257690592955863,VictoriaMetrics/VictoriaMetrics,11965,2018-09-30T09:58:01Z,Wide column,5.248459958932238,0.5742309407044137
150954997,VictoriaMetrics/VictoriaMetrics,0.4257690592955863,VictoriaMetrics/VictoriaMetrics,11965,2018-09-30T09:58:01Z,Time Series,5.248459958932238,0.5742309407044137
268163609,qdrant/qdrant,0.4175557198690187,qdrant/qdrant,11528,2020-05-30T21:37:01Z,Vector,3.583846680355921,0.5824442801309813
6934395,facebook/rocksdb,0.2836942903168069,facebook/rocksdb,10916,2012-11-30T06:16:18Z,Key-value,11.080082135523615,0.7163057096831931
20089857,apache/hbase,0.2965019301339179,apache/hbase,10551,2014-05-23T07:00:07Z,Wide column,9.604380561259411,0.7034980698660821
546206616,chroma-core/chroma,0.4598799460982481,chroma-core/chroma,10539,2022-10-05T17:58:44Z,Document,1.2347707049965777,0.5401200539017519
546206616,chroma-core/chroma,0.4598799460982481,chroma-core/chroma,10539,2022-10-05T17:58:44Z,Vector,1.2347707049965777,0.5401200539017519
341631350,apache/lucene,0.4764514471656105,apache/lucene,10488,2021-02-23T17:16:56Z,Document,2.847364818617385,0.5235485528343895
6838921,prometheus/prometheus,0.319636840134781,prometheus/prometheus,10481,2012-11-24T11:14:12Z,Key-value,11.096509240246407,0.680363159865219
6838921,prometheus/prometheus,0.319636840134781,prometheus/prometheus,10481,2012-11-24T11:14:12Z,Time Series,11.096509240246407,0.680363159865219
19257422,questdb/questdb,0.7628969499184135,questdb/questdb,9808,2014-04-28T23:29:15Z,Relational,9.672826830937714,0.2371030500815865
19257422,questdb/questdb,0.7628969499184135,questdb/questdb,9808,2014-04-28T23:29:15Z,Time Series,9.672826830937714,0.2371030500815865
2524488,apache/accumulo,0.7513629283489096,apache/accumulo,9738,2011-10-06T07:00:09Z,Wide column,12.232717316906228,0.2486370716510904
198683574,dolthub/dolt,0.5162424412881451,dolthub/dolt,9686,2019-07-24T17:46:25Z,Relational,4.435318275154004,0.4837575587118549
298763623,kuzudb/kuzu,0.4035803151783246,kuzudb/kuzu,8762,2020-09-26T07:43:06Z,Graph,3.2580424366872007,0.5964196848216754
50874442,citusdata/citus,0.7118622285053335,citusdata/citus,8747,2016-02-01T21:58:39Z,Relational,7.909650924024641,0.28813777149466646
357707809,quickwit-oss/quickwit,0.5849242424242425,quickwit-oss/quickwit,8429,2021-04-13T22:45:40Z,Document,2.7132101300479126,0.41507575757575754
1917262,realm/realm-core,0.6367418012963142,realm/realm-core,8244,2011-06-18T21:18:46Z,Document,12.53388090349076,0.3632581987036858
1917262,realm/realm-core,0.6367418012963142,realm/realm-core,8244,2011-06-18T21:18:46Z,Object Oriented,12.53388090349076,0.3632581987036858
95817032,edgedb/edgedb,0.7813684420506682,edgedb/edgedb,8131,2017-06-29T20:30:48Z,Relational,6.50239561943874,0.21863155794933176
95817032,edgedb/edgedb,0.7813684420506682,edgedb/edgedb,8131,2017-06-29T20:30:48Z,Object Oriented,6.50239561943874,0.21863155794933176
52080367,CUBRID/cubrid,0.5148855618654277,CUBRID/cubrid,7736,2016-02-19T10:25:32Z,Relational,7.860369609856263,0.48511443813457233
52080367,CUBRID/cubrid,0.5148855618654277,CUBRID/cubrid,7736,2016-02-19T10:25:32Z,Object Oriented,7.860369609856263,0.48511443813457233
1050944,infinispan/infinispan,0.2429462429462429,infinispan/infinispan,7337,2010-11-04T12:33:19Z,Key-value,13.152635181382614,0.7570537570537571
478288303,nuclia/nucliadb,0.593943090508897,nuclia/nucliadb,7256,2022-04-05T20:21:54Z,Vector,1.7357973990417521,0.40605690949110296
195619075,vdaas/vald,0.1965853777853875,vdaas/vald,7085,2019-07-07T06:42:22Z,Vector,4.48186173853525,0.8034146222146125
182849188,delta-io/delta,0.444963144963145,delta-io/delta,6713,2019-04-22T18:56:51Z,Wide column,4.689938398357289,0.555036855036855
86868560,TileDB-Inc/TileDB,0.7391140077453481,TileDB-Inc/TileDB,6393,2017-03-31T23:44:23Z,Array,6.74880219028063,0.2608859922546519
496817075,GlareDB/glaredb,0.4794015611448395,GlareDB/glaredb,5905,2022-05-27T00:52:47Z,Relational,1.593429158110883,0.5205984388551606
130688011,meilisearch/meilisearch,0.4053971362134377,meilisearch/meilisearch,5552,2018-04-23T11:45:28Z,Document,5.686516084873374,0.5946028637865624
130688011,meilisearch/meilisearch,0.4053971362134377,meilisearch/meilisearch,5552,2018-04-23T11:45:28Z,Search Engine,5.686516084873374,0.5946028637865624
276293034,apache/age,0.5003026634382567,apache/age,5007,2020-07-01T06:15:47Z,Graph,3.4962354551676933,0.4996973365617433
19816070,MariaDB/server,0.3330952380952381,MariaDB/server,4735,2014-05-15T10:58:50Z,Relational,9.626283367556468,0.6669047619047619
31006158,apache/ignite,0.0236009579026972,apache/ignite,4719,2015-02-19T08:00:05Z,Key-value,8.85968514715948,0.9763990420973028
41349039,dgraph-io/dgraph,0.6635208372266866,dgraph-io/dgraph,4548,2015-08-25T07:15:56Z,Graph,8.347707049965777,0.33647916277331336
346976717,4paradigm/OpenMLDB,0.2054044809303916,4paradigm/OpenMLDB,4264,2021-03-12T07:18:31Z,Relational,2.8008213552361396,0.7945955190696083
346976717,4paradigm/OpenMLDB,0.2054044809303916,4paradigm/OpenMLDB,4264,2021-03-12T07:18:31Z,Time Series,2.8008213552361396,0.7945955190696083
206417,apache/couchdb,0.4749019607843137,apache/couchdb,4227,2009-05-21T02:03:38Z,Document,14.609171800136892,0.5250980392156863
201403923,activeloopai/deeplake,0.1264001308151418,activeloopai/deeplake,4195,2019-08-09T06:17:59Z,Vector,4.39151266255989,0.8735998691848582
396856161,authzed/spicedb,0.5150534958945011,authzed/spicedb,4050,2021-08-16T15:32:09Z,Object Oriented,2.3709787816563996,0.4849465041054989
581145740,ByConity/ByConity,0.5002564102564102,ByConity/ByConity,3888,2022-12-22T11:50:32Z,Relational,1.0212183436002737,0.4997435897435898
11695619,eXist-db/exist,0.0460756580524524,eXist-db/exist,3882,2013-07-26T21:53:48Z,Document,10.428473648186174,0.9539243419475476
11695619,eXist-db/exist,0.0460756580524524,eXist-db/exist,3882,2013-07-26T21:53:48Z,Native XML,10.428473648186174,0.9539243419475476
420965027,cnosdb/cnosdb,0.6631325301204819,cnosdb/cnosdb,3881,2021-10-25T09:47:14Z,Relational,2.1793292265571527,0.3368674698795181
420965027,cnosdb/cnosdb,0.6631325301204819,cnosdb/cnosdb,3881,2021-10-25T09:47:14Z,Time Series,2.1793292265571527,0.3368674698795181
49412556,quickwit-oss/tantivy,0.2182378711666396,quickwit-oss/tantivy,3755,2016-01-11T08:32:16Z,Document,7.967145790554415,0.7817621288333604
449924556,tigrisdata/tigris,0.4586227426076602,tigrisdata/tigris,3750,2022-01-20T02:16:49Z,Document,1.9411362080766599,0.5413772573923398
54005538,FirebirdSQL/firebird,0.7364764267990075,FirebirdSQL/firebird,3460,2016-03-16T06:10:37Z,Relational,7.789185489390828,0.2635235732009925
372536760,oceanbase/oceanbase,0.3664860681114551,oceanbase/oceanbase,3411,2021-05-31T14:36:17Z,Relational,2.5817932922655715,0.6335139318885449
5844474,EventStore/EventStore,0.7252800779347297,EventStore/EventStore,3401,2012-09-17T17:22:49Z,Event,11.28268309377139,0.2747199220652703
520096046,marqo-ai/marqo,0.701006229036895,marqo-ai/marqo,3230,2022-08-01T12:12:51Z,Document,1.4127310061601643,0.298993770963105
520096046,marqo-ai/marqo,0.701006229036895,marqo-ai/marqo,3230,2022-08-01T12:12:51Z,Search Engine,1.4127310061601643,0.298993770963105
520096046,marqo-ai/marqo,0.701006229036895,marqo-ai/marqo,3230,2022-08-01T12:12:51Z,Vector,1.4127310061601643,0.298993770963105
146459443,vesoft-inc/nebula,0.2952093223996547,vesoft-inc/nebula,3115,2018-08-28T14:25:09Z,Graph,5.338809034907597,0.7047906776003453
30449481,apache/tinkerpop,0.1688903901368012,apache/tinkerpop,3111,2015-02-07T08:00:05Z,Graph,8.892539356605065,0.8311096098631988
462329984,speedb-io/speedb,0.4769140853302162,speedb-io/speedb,3104,2022-02-22T14:18:31Z,Key-value,1.8507871321013005,0.5230859146697838
75425073,pubkey/rxdb,0.1014656144306651,pubkey/rxdb,3055,2016-12-02T19:34:42Z,Document,7.0746064339493495,0.8985343855693348
141376301,apache/incubator-hugegraph,0.3939868462261196,apache/incubator-hugegraph,3043,2018-07-18T03:30:20Z,Graph,5.451060917180014,0.6060131537738804
91593042,bloomberg/comdb2,0.0360880548538433,bloomberg/comdb2,3020,2017-05-17T15:39:23Z,Relational,6.620123203285421,0.9639119451461567
94593596,etcd-io/bbolt,0.3247422680412371,etcd-io/bbolt,2992,2017-06-17T01:42:09Z,Key-value,6.535249828884326,0.6752577319587629
95614931,manticoresoftware/manticoresearch,0.2735020661157025,manticoresoftware/manticoresearch,2952,2017-06-28T01:15:30Z,Relational,6.505133470225872,0.7264979338842975
95614931,manticoresoftware/manticoresearch,0.2735020661157025,manticoresoftware/manticoresearch,2952,2017-06-28T01:15:30Z,Search Engine,6.505133470225872,0.7264979338842975
607441698,lancedb/lancedb,0.6034004163775156,lancedb/lancedb,2919,2023-02-28T01:15:17Z,Document,0.8350444900752909,0.3965995836224844
77385607,JanusGraph/janusgraph,0.2919156200463358,JanusGraph/janusgraph,2917,2016-12-26T13:26:29Z,Graph,7.008898015058179,0.7080843799536642
20473418,apache/phoenix,0.3597560975609756,apache/phoenix,2835,2014-06-04T07:00:08Z,Relational,9.571526351813826,0.6402439024390244
220186120,codenotary/immudb,0.0116311118460944,codenotary/immudb,2807,2019-11-07T08:22:16Z,Key-value,4.145106091718001,0.9883688881539056
510607652,pocketbase/pocketbase,0.4802005012531328,pocketbase/pocketbase,2785,2022-07-05T06:06:21Z,Relational,1.486652977412731,0.5197994987468673
148087762,georgia-tech-db/eva,0.2941089182371271,georgia-tech-db/eva,2673,2018-09-10T02:26:03Z,Relational,5.30321697467488,0.705891081762873
396867188,ArcadeData/arcadedb,0.4248247208517268,ArcadeData/arcadedb,2632,2021-08-16T16:01:29Z,Key-value,2.3709787816563996,0.5751752791482732
396867188,ArcadeData/arcadedb,0.4248247208517268,ArcadeData/arcadedb,2632,2021-08-16T16:01:29Z,Document,2.3709787816563996,0.5751752791482732
396867188,ArcadeData/arcadedb,0.4248247208517268,ArcadeData/arcadedb,2632,2021-08-16T16:01:29Z,Time Series,2.3709787816563996,0.5751752791482732
396867188,ArcadeData/arcadedb,0.4248247208517268,ArcadeData/arcadedb,2632,2021-08-16T16:01:29Z,Graph,2.3709787816563996,0.5751752791482732
456549280,ydb-platform/ydb,0.5925279329608939,ydb-platform/ydb,2601,2022-02-07T14:52:36Z,Relational,1.891854893908282,0.4074720670391061
456549280,ydb-platform/ydb,0.5925279329608939,ydb-platform/ydb,2601,2022-02-07T14:52:36Z,Document,1.891854893908282,0.4074720670391061
34533675,apache/sedona,0.2421722113502935,apache/sedona,2488,2015-04-24T18:01:29Z,Spatial,8.684462696783026,0.7578277886497065
79317191,typesense/typesense,0.304253785147801,typesense/typesense,2471,2017-01-18T08:01:47Z,Search Engine,6.945927446954141,0.695746214852199
125824259,xtdb/xtdb,0.5727902946273831,xtdb/xtdb,2462,2018-03-19T08:19:27Z,Document,5.782340862422998,0.42720970537261693
87414843,hyrise/hyrise,0.5820224719101124,hyrise/hyrise,2443,2017-04-06T10:03:31Z,Relational,6.7323750855578375,0.41797752808988764
678214856,timeplus-io/proton,0.6019323671497585,timeplus-io/proton,2302,2023-08-14T03:11:43Z,Relational,0.37782340862423,0.3980676328502415
644742603,cloudberrydb/cloudberrydb,0.3189081225033289,cloudberrydb/cloudberrydb,2301,2023-05-24T06:58:16Z,Relational,0.6023271731690623,0.6810918774966711
644742603,cloudberrydb/cloudberrydb,0.3189081225033289,cloudberrydb/cloudberrydb,2301,2023-05-24T06:58:16Z,Object Oriented,0.6023271731690623,0.6810918774966711
47973088,gchq/Gaffer,0.4725124943207633,gchq/Gaffer,2271,2015-12-14T12:12:39Z,Graph,8.043805612594113,0.5274875056792367
305513242,fluree/db,0.531934306569343,fluree/db,2240,2020-10-19T21:06:38Z,Relational,3.1950718685831623,0.46806569343065696
305513242,fluree/db,0.531934306569343,fluree/db,2240,2020-10-19T21:06:38Z,Document,3.1950718685831623,0.46806569343065696
305513242,fluree/db,0.531934306569343,fluree/db,2240,2020-10-19T21:06:38Z,Graph,3.1950718685831623,0.46806569343065696
305513242,fluree/db,0.531934306569343,fluree/db,2240,2020-10-19T21:06:38Z,RDF,3.1950718685831623,0.46806569343065696
66783145,couchbase/couchbase-lite-core,0.8571428571428571,couchbase/couchbase-lite-core,2174,2016-08-28T18:07:47Z,Key-value,7.337440109514032,0.1428571428571429
66783145,couchbase/couchbase-lite-core,0.8571428571428571,couchbase/couchbase-lite-core,2174,2016-08-28T18:07:47Z,Document,7.337440109514032,0.1428571428571429
84458512,RedisGraph/RedisGraph,0.4087558633013178,RedisGraph/RedisGraph,2100,2017-03-09T15:37:25Z,Graph,6.809034907597536,0.5912441366986823
442441933,mabel-dev/opteryx,0.1519796450291672,mabel-dev/opteryx,1979,2021-12-28T11:27:22Z,Relational,2.004106776180698,0.8480203549708328
442441933,mabel-dev/opteryx,0.1519796450291672,mabel-dev/opteryx,1979,2021-12-28T11:27:22Z,Object Oriented,2.004106776180698,0.8480203549708328
7437073,apache/jena,0.2799558255107675,apache/jena,1961,2013-01-04T08:00:32Z,RDF,10.984257357973991,0.7200441744892325
13124802,influxdata/influxdb,0.4122085048010974,influxdata/influxdb,1788,2013-09-26T14:31:10Z,Wide column,10.258726899383984,0.5877914951989026
13124802,influxdata/influxdb,0.4122085048010974,influxdata/influxdb,1788,2013-09-26T14:31:10Z,Time Series,10.258726899383984,0.5877914951989026
507829396,openGemini/openGemini,0.4101694915254237,openGemini/openGemini,1753,2022-06-27T08:41:54Z,Relational,1.5085557837097878,0.5898305084745763
507829396,openGemini/openGemini,0.4101694915254237,openGemini/openGemini,1753,2022-06-27T08:41:54Z,Time Series,1.5085557837097878,0.5898305084745763
6650539,neo4j/neo4j,0.1864573110893032,neo4j/neo4j,1697,2012-11-12T08:46:15Z,Graph,11.129363449691992,0.8135426889106968
473235285,polarsignals/frostdb,0.763873775843308,polarsignals/frostdb,1678,2022-03-23T14:55:52Z,Wide column,1.7713894592744694,0.23612622415669204
528766495,TuGraph-family/tugraph-db,0.3,TuGraph-family/tugraph-db,1625,2022-08-25T08:46:43Z,Graph,1.3470225872689938,0.7
660776503,paradedb/paradedb,0.4660756904193658,paradedb/paradedb,1604,2023-06-30T20:21:47Z,Relational,0.5010266940451745,0.5339243095806342
660776503,paradedb/paradedb,0.4660756904193658,paradedb/paradedb,1604,2023-06-30T20:21:47Z,Object Oriented,0.5010266940451745,0.5339243095806342
170496871,gridgain/gridgain,0.7176395939086294,gridgain/gridgain,1541,2019-02-13T11:31:35Z,Columnar,4.876112251882272,0.2823604060913706
49670957,eclipse/rdf4j,0.5680778032036613,eclipse/rdf4j,1501,2016-01-14T19:47:32Z,RDF,7.958932238193018,0.4319221967963387
574588439,ytsaurus/ytsaurus,0.1684602649006622,ytsaurus/ytsaurus,1450,2022-12-05T16:32:05Z,Document,1.0677618069815196,0.8315397350993378
291675222,hstreamdb/hstream,0.8448275862068966,hstreamdb/hstream,1416,2020-08-31T09:42:17Z,Relational,3.3292265571526354,0.15517241379310343
385356389,vmware/splinterdb,0.6557835820895522,vmware/splinterdb,1368,2021-07-12T19:10:28Z,Key-value,2.4668035592060233,0.34421641791044777
160999,apache/zookeeper,0.2840236686390532,apache/zookeeper,1350,2009-03-27T15:41:56Z,Hierarchical,14.759753593429158,0.7159763313609468
33745913,h2database/h2database,0.3983050847457627,h2database/h2database,1330,2015-04-10T19:09:09Z,Relational,8.722792607802875,0.6016949152542372
30753733,percona/percona-server,0.3273761169780666,percona/percona-server,1273,2015-02-13T11:32:01Z,Relational,8.876112251882272,0.6726238830219333
661663226,maxnowack/signaldb,0.0206653225806451,maxnowack/signaldb,1257,2023-07-03T11:21:29Z,Document,0.4928131416837782,0.9793346774193549
67904342,Expensify/Bedrock,0.7620087336244541,Expensify/Bedrock,1230,2016-09-11T01:55:45Z,Relational,7.299110198494182,0.2379912663755459
184981,memcached/memcached,0.2296511627906976,memcached/memcached,1208,2009-04-24T23:34:25Z,Key-value,14.683093771389458,0.7703488372093024
323389945,logicalclocks/rondb,0.7525252525252525,logicalclocks/rondb,1199,2020-12-21T16:25:57Z,Key-value,3.02258726899384,0.24747474747474751
323389945,logicalclocks/rondb,0.7525252525252525,logicalclocks/rondb,1199,2020-12-21T16:25:57Z,Relational,3.02258726899384,0.24747474747474751
198466472,terminusdb/terminusdb,0.6549520766773163,terminusdb/terminusdb,1196,2019-07-23T16:15:27Z,Document,4.438056125941136,0.34504792332268375
198466472,terminusdb/terminusdb,0.6549520766773163,terminusdb/terminusdb,1196,2019-07-23T16:15:27Z,Graph,4.438056125941136,0.34504792332268375
198466472,terminusdb/terminusdb,0.6549520766773163,terminusdb/terminusdb,1196,2019-07-23T16:15:27Z,RDF,4.438056125941136,0.34504792332268375
23247808,rqlite/rqlite,0.4735042735042735,rqlite/rqlite,1178,2014-08-23T04:31:18Z,Relational,9.352498288843258,0.5264957264957265
80087836,dgraph-io/badger,0.5942562592047128,dgraph-io/badger,1165,2017-01-26T05:09:49Z,Key-value,6.924024640657084,0.4057437407952872
50594316,senx/warp10-platform,0.888268156424581,senx/warp10-platform,1067,2016-01-28T15:56:55Z,Time Series,7.920602327173169,0.11173184357541899
150013328,cberner/redb,0.4763636363636364,cberner/redb,1031,2018-09-23T18:30:14Z,Key-value,5.2676249144421625,0.5236363636363637
714074,pouchdb/pouchdb,0.6423562412342216,pouchdb/pouchdb,1015,2010-06-10T18:34:24Z,Document,13.555099247091034,0.35764375876577836
9595928,mirage/irmin,0.2800875273522976,mirage/irmin,1005,2013-04-22T09:52:58Z,Document,10.688569472963723,0.7199124726477024
543276238,libsql/libsql,0.5461215932914046,libsql/libsql,973,2022-09-29T18:56:16Z,Relational,1.2511978097193703,0.45387840670859536
510375115,splitgraph/seafowl,0.3007518796992481,splitgraph/seafowl,966,2022-07-04T13:41:52Z,Relational,1.4893908281998631,0.6992481203007519
168712350,Snapchat/KeyDB,0.3806060606060606,Snapchat/KeyDB,929,2019-02-01T14:50:00Z,Key-value,4.908966461327857,0.6193939393939394
25780780,AlaSQL/alasql,0.0394982200372944,AlaSQL/alasql,871,2014-10-26T16:30:37Z,Relational,9.177275838466803,0.9605017799627056
25780780,AlaSQL/alasql,0.0394982200372944,AlaSQL/alasql,871,2014-10-26T16:30:37Z,Document,9.177275838466803,0.9605017799627056
511030127,ceramicstudio/js-composedb,0.6180422264875239,ceramicstudio/js-composedb,844,2022-07-06T07:15:37Z,Graph,1.483915126625599,0.38195777351247606
5683653,apache/drill,0.3571428571428571,apache/drill,794,2012-09-05T07:00:26Z,Document,11.315537303216974,0.6428571428571429
5683653,apache/drill,0.3571428571428571,apache/drill,794,2012-09-05T07:00:26Z,Wide column,11.315537303216974,0.6428571428571429
4604367,sirixdb/sirix,0.3086770981507823,sirixdb/sirix,750,2012-06-09T02:22:14Z,Document,11.5564681724846,0.6913229018492177
207663235,cmu-db/bustub,0.3112426035502958,cmu-db/bustub,689,2019-09-10T21:06:59Z,Relational,4.303901437371663,0.6887573964497042
23013460,lsst/qserv,0.7,lsst/qserv,677,2014-08-16T07:50:36Z,Relational,9.371663244353183,0.30000000000000004
39519916,percona/percona-server-mongodb,0.7745415318230853,percona/percona-server-mongodb,627,2015-07-22T17:25:26Z,Document,8.44079397672827,0.22545846817691473
17224514,ehcache/ehcache3,0.5459770114942529,ehcache/ehcache3,621,2014-02-26T20:39:16Z,Key-value,9.839835728952773,0.45402298850574707
31315021,Kinto/kinto,0.1818925552222525,Kinto/kinto,606,2015-02-25T13:34:23Z,Document,8.843258042436688,0.8181074447777474
432844875,orioledb/orioledb,0.8760429082240763,orioledb/orioledb,600,2021-11-28T22:57:49Z,Relational,2.086242299794661,0.12395709177592373
432844875,orioledb/orioledb,0.8760429082240763,orioledb/orioledb,600,2021-11-28T22:57:49Z,Object Oriented,2.086242299794661,0.12395709177592373
606433492,chdb-io/chdb,0.3378378378378378,chdb-io/chdb,591,2023-02-25T13:35:14Z,Relational,0.8432580424366872,0.6621621621621623
3788366,openlink/virtuoso-opensource,0.3189823874755381,openlink/virtuoso-opensource,586,2012-03-21T16:00:39Z,Document,11.775496235455167,0.6810176125244619
344711168,IceFireDB/IceFireDB,0.1533333333333333,IceFireDB/IceFireDB,568,2021-03-05T06:03:29Z,Key-value,2.8199863107460645,0.8466666666666667
551374215,cozodb/cozo,0.4984126984126984,cozodb/cozo,493,2022-10-14T09:28:11Z,Relational,1.2101300479123889,0.5015873015873016
393235957,risinglightdb/risinglight,0.1535483870967741,risinglightdb/risinglight,483,2021-08-06T03:26:03Z,Relational,2.3983572895277208,0.8464516129032259
28738447,apache/kylin,0.0112517580872011,apache/kylin,476,2015-01-03T08:00:05Z,Key-value,8.988364134154688,0.9887482419127989
28738447,apache/kylin,0.0112517580872011,apache/kylin,476,2015-01-03T08:00:05Z,Relational,8.988364134154688,0.9887482419127989
91715647,gnocchixyz/gnocchi,0.5007496251874063,gnocchixyz/gnocchi,475,2017-05-18T16:32:52Z,Relational,6.617385352498289,0.4992503748125937
125234630,danielealbano/cachegrand,0.2561078348778433,danielealbano/cachegrand,472,2018-03-14T15:33:02Z,Key-value,5.796030116358659,0.7438921651221567
7502247,lealone/Lealone,0.7,lealone/Lealone,451,2013-01-08T13:57:08Z,Relational,10.973305954825461,0.30000000000000004
664816265,scratchdata/ScratchDB,0.8333333333333334,scratchdata/ScratchDB,448,2023-07-10T20:15:01Z,Document,0.4736481861738535,0.16666666666666663
316690542,MonetDB/MonetDB,0.3423076923076923,MonetDB/MonetDB,438,2020-11-28T08:35:36Z,Relational,3.0855578370978782,0.6576923076923077
316690542,MonetDB/MonetDB,0.3423076923076923,MonetDB/MonetDB,438,2020-11-28T08:35:36Z,Wide column,3.0855578370978782,0.6576923076923077
92329433,canonical/dqlite,0.1305309734513274,canonical/dqlite,436,2017-05-24T19:35:52Z,Relational,6.6009582477754964,0.8694690265486726
79901405,objectbox/objectbox-java,0.375438596491228,objectbox/objectbox-java,430,2017-01-24T10:29:48Z,Object Oriented,6.929500342231348,0.624561403508772
61153677,m3db/m3,0.5615062761506276,m3db/m3,420,2016-06-14T20:29:45Z,Relational,7.542778918548939,0.43849372384937235
61153677,m3db/m3,0.5615062761506276,m3db/m3,420,2016-06-14T20:29:45Z,Time Series,7.542778918548939,0.43849372384937235
7083240,orientechnologies/orientdb,0.6246851385390428,orientechnologies/orientdb,407,2012-12-09T20:33:47Z,Key-value,11.055441478439425,0.37531486146095716
7083240,orientechnologies/orientdb,0.6246851385390428,orientechnologies/orientdb,407,2012-12-09T20:33:47Z,Document,11.055441478439425,0.37531486146095716
7083240,orientechnologies/orientdb,0.6246851385390428,orientechnologies/orientdb,407,2012-12-09T20:33:47Z,Object Oriented,11.055441478439425,0.37531486146095716
7083240,orientechnologies/orientdb,0.6246851385390428,orientechnologies/orientdb,407,2012-12-09T20:33:47Z,Graph,11.055441478439425,0.37531486146095716
24494032,mysql/mysql-server,0.1232558139534883,mysql/mysql-server,404,2014-09-26T09:31:03Z,Relational,9.259411362080767,0.8767441860465117
664133375,epsilla-cloud/vectordb,0.7938931297709924,epsilla-cloud/vectordb,386,2023-07-09T02:28:31Z,Array,0.47638603696098564,0.20610687022900764
195895847,hivedb/hive,0.2311827956989247,hivedb/hive,382,2019-07-08T22:47:01Z,Key-value,4.479123887748118,0.7688172043010753
23315232,mbdavid/LiteDB,0.390625,mbdavid/LiteDB,369,2014-08-25T13:49:30Z,Document,9.347022587268993,0.609375
143253020,microsoft/FASTER,0.547887323943662,microsoft/FASTER,357,2018-08-02T06:38:41Z,Key-value,5.409993155373032,0.452112676056338
441299511,reductstore/reductstore,0.8657534246575342,reductstore/reductstore,339,2021-12-23T21:27:52Z,Key-value,2.0177960301163584,0.13424657534246576
441299511,reductstore/reductstore,0.8657534246575342,reductstore/reductstore,339,2021-12-23T21:27:52Z,Time Series,2.0177960301163584,0.13424657534246576
1374129,BaseXdb/basex,0.4607508532423208,BaseXdb/basex,337,2011-02-16T15:02:14Z,Document,12.867898699520875,0.5392491467576792
1374129,BaseXdb/basex,0.4607508532423208,BaseXdb/basex,337,2011-02-16T15:02:14Z,Native XML,12.867898699520875,0.5392491467576792
259542436,LineairDB/LineairDB,0.338403041825095,LineairDB/LineairDB,310,2020-04-28T05:41:20Z,Key-value,3.671457905544148,0.661596958174905
45732002,jnidzwetzki/bboxdb,0.1065502183406113,jnidzwetzki/bboxdb,303,2015-11-07T10:28:59Z,Array,8.145106091718,0.8934497816593887
223462217,resilientdb/resilientdb,0.97196261682243,resilientdb/resilientdb,302,2019-11-22T18:28:12Z,Document,4.1040383299110195,0.028037383177569986
108110,mongodb/mongo,0.5587991718426502,mongodb/mongo,300,2009-01-15T16:15:18Z,Document,14.954140999315538,0.44120082815734984
266515876,armink/FlashDB,0.4097222222222222,armink/FlashDB,298,2020-05-24T10:15:56Z,Key-value,3.600273785078713,0.5902777777777778
4407129,postgis/postgis,0.0335530257639304,postgis/postgis,292,2012-05-22T13:31:25Z,Spatial,11.605749486652977,0.9664469742360696
606125384,paypal/junodb,0.5041666666666667,paypal/junodb,287,2023-02-24T16:52:02Z,Key-value,0.8459958932238193,0.49583333333333335
298920362,oracle/nosql-java-sdk,0.6136363636363636,oracle/nosql-java-sdk,285,2020-09-27T00:05:54Z,Key-value,3.2553045859000687,0.38636363636363635
298920362,oracle/nosql-java-sdk,0.6136363636363636,oracle/nosql-java-sdk,285,2020-09-27T00:05:54Z,Document,3.2553045859000687,0.38636363636363635
22475123,amark/gun,0.1826923076923076,amark/gun,282,2014-07-31T15:52:10Z,Graph,9.415468856947296,0.8173076923076924
270858421,juji-io/datalevin,0.6214285714285714,juji-io/datalevin,275,2020-06-08T23:53:52Z,Document,3.5592060232717317,0.37857142857142856
454981666,streamnative/oxia,0.3954154727793696,streamnative/oxia,269,2022-02-03T00:28:48Z,Key-value,1.9028062970568105,0.6045845272206304
443220240,tinyplex/tinybase,0.0942028985507246,tinyplex/tinybase,241,2021-12-31T01:06:00Z,Relational,1.995893223819302,0.9057971014492754
55072677,semi-technologies/weaviate,0.1302876480541455,semi-technologies/weaviate,239,2016-03-30T15:03:17Z,Vector,7.750855578370979,0.8697123519458545
453191009,ostafen/clover,0.1566265060240964,ostafen/clover,218,2022-01-28T19:25:23Z,Document,1.919233401779603,0.8433734939759037
16189524,OpenNMS/newts,0.1509146341463414,OpenNMS/newts,200,2014-01-23T23:39:27Z,Time Series,9.932922655715263,0.8490853658536586
19271154,JetBrains/xodus,0.7441860465116279,JetBrains/xodus,199,2014-04-29T09:36:04Z,Document,9.670088980150581,0.2558139534883721
574694308,RhizomeDB/rs-rhizome,0.5,RhizomeDB/rs-rhizome,198,2022-12-05T21:55:16Z,Relational,1.0677618069815196,0.5
23405758,google/leveldb,0.4328358208955223,google/leveldb,187,2014-08-27T21:17:52Z,Key-value,9.34154688569473,0.5671641791044777
496505424,apache/incubator-horaedb,0.6086956521739131,apache/incubator-horaedb,184,2022-05-26T06:22:14Z,Relational,1.596167008898015,0.3913043478260869
21985130,OpenHFT/Chronicle-Map,0.0902325581395348,OpenHFT/Chronicle-Map,181,2014-07-18T15:33:57Z,Key-value,9.451060917180014,0.9097674418604652
6452529,rethinkdb/rethinkdb,0.4039735099337748,rethinkdb/rethinkdb,178,2012-10-30T05:37:47Z,Document,11.16495550992471,0.5960264900662252
90541149,heavyai/heavydb,0.0881057268722467,heavyai/heavydb,174,2017-05-07T15:07:56Z,Relational,6.647501711156742,0.9118942731277533
206686299,rayokota/kareldb,0.2245283018867924,rayokota/kareldb,173,2019-09-06T01:17:24Z,Relational,4.314852840520191,0.7754716981132076
166387176,polypheny/Polypheny-DB,0.8181818181818182,polypheny/Polypheny-DB,170,2019-01-18T10:24:15Z,Relational,4.947296372347707,0.18181818181818177
166387176,polypheny/Polypheny-DB,0.8181818181818182,polypheny/Polypheny-DB,170,2019-01-18T10:24:15Z,Document,4.947296372347707,0.18181818181818177
166387176,polypheny/Polypheny-DB,0.8181818181818182,polypheny/Polypheny-DB,170,2019-01-18T10:24:15Z,Graph,4.947296372347707,0.18181818181818177
642912355,awa-ai/awadb,0.978021978021978,awa-ai/awadb,170,2023-05-19T16:22:02Z,Document,0.6160164271047228,0.02197802197802201
642912355,awa-ai/awadb,0.978021978021978,awa-ai/awadb,170,2023-05-19T16:22:02Z,Vector,0.6160164271047228,0.02197802197802201
186332888,vearch/vearch,0.5969387755102041,vearch/vearch,168,2019-05-13T02:37:31Z,Document,4.632443531827516,0.40306122448979587
186332888,vearch/vearch,0.5969387755102041,vearch/vearch,168,2019-05-13T02:37:31Z,Vector,4.632443531827516,0.40306122448979587
349627612,khonsulabs/bonsaidb,0.6260869565217392,khonsulabs/bonsaidb,164,2021-03-20T04:35:24Z,Key-value,2.7789185489390826,0.3739130434782608
387622288,elliotchance/vsql,0.8333333333333334,elliotchance/vsql,162,2021-07-19T23:55:45Z,Relational,2.4476386036960984,0.16666666666666663
791522,basho/riak_kv,0.5634920634920635,basho/riak_kv,159,2010-07-22T17:27:35Z,Key-value,13.440109514031485,0.4365079365079365
3766330,pentaho/mondrian,0.0682819383259911,pentaho/mondrian,145,2012-03-19T17:03:39Z,Relational,11.780971937029431,0.931718061674009
49401416,spacejam/sled,0.52,spacejam/sled,145,2016-01-11T04:11:30Z,Key-value,7.967145790554415,0.48
73235061,rayokota/hgraphdb,0.1949367088607595,rayokota/hgraphdb,144,2016-11-08T23:05:08Z,Graph,7.14031485284052,0.8050632911392405
4254338,graphite-project/graphite-web,0.470873786407767,graphite-project/graphite-web,143,2012-05-07T21:30:55Z,Time Series,11.646817248459959,0.529126213592233
606800919,firstbatchxyz/hollowdb,0.7068965517241379,firstbatchxyz/hollowdb,142,2023-02-26T15:57:33Z,Key-value,0.840520191649555,0.2931034482758621
138411034,genjidb/genji,0.3773584905660377,genjidb/genji,135,2018-06-23T15:12:03Z,Document,5.519507186858316,0.6226415094339623
137869753,appy-one/acebase,0.4447852760736196,appy-one/acebase,134,2018-06-19T09:28:07Z,Document,5.530458590006845,0.5552147239263804
927442,postgres/postgres,0.0307047360072513,postgres/postgres,134,2010-09-21T11:35:45Z,Relational,13.273100616016427,0.9692952639927487
927442,postgres/postgres,0.0307047360072513,postgres/postgres,134,2010-09-21T11:35:45Z,Object Oriented,13.273100616016427,0.9692952639927487
276042304,skytable/skytable,0.2,skytable/skytable,134,2020-06-30T08:31:09Z,Key-value,3.4989733059548254,0.8
639434928,cfu288/SylvieJS,0.4144927536231884,cfu288/SylvieJS,132,2023-05-11T13:21:42Z,Document,0.6379192334017796,0.5855072463768116
9074548,orbisgis/h2gis,0.6021505376344086,orbisgis/h2gis,128,2013-03-28T10:12:05Z,Spatial,10.757015742642025,0.3978494623655914
321853986,Tencent/Tendis,0.3829787234042553,Tencent/Tendis,124,2020-12-16T03:12:23Z,Key-value,3.0362765229295,0.6170212765957447
865412,OpenTSDB/opentsdb,0.3625,OpenTSDB/opentsdb,122,2010-08-27T02:05:20Z,Key-value,13.34154688569473,0.6375
865412,OpenTSDB/opentsdb,0.3625,OpenTSDB/opentsdb,122,2010-08-27T02:05:20Z,Time Series,13.34154688569473,0.6375
18351848,typicode/lowdb,0.4583333333333333,typicode/lowdb,120,2014-04-02T02:16:06Z,Document,9.744010951403148,0.5416666666666667
48617634,orbitdb/orbit-db,0.2875,orbitdb/orbit-db,120,2015-12-26T17:02:28Z,Key-value,8.010951403148528,0.7125
48617634,orbitdb/orbit-db,0.2875,orbitdb/orbit-db,120,2015-12-26T17:02:28Z,Document,8.010951403148528,0.7125
7357595,zopefoundation/ZODB,0.4354838709677419,zopefoundation/ZODB,118,2012-12-28T17:47:39Z,Key-value,11.003422313483915,0.5645161290322581
7357595,zopefoundation/ZODB,0.4354838709677419,zopefoundation/ZODB,118,2012-12-28T17:47:39Z,Object Oriented,11.003422313483915,0.5645161290322581
628503457,jdagdelen/hyperDB,0.4444444444444444,jdagdelen/hyperDB,115,2023-04-16T06:27:39Z,Document,0.7063655030800822,0.5555555555555556
628503457,jdagdelen/hyperDB,0.4444444444444444,jdagdelen/hyperDB,115,2023-04-16T06:27:39Z,Vector,0.7063655030800822,0.5555555555555556
5761553,oetiker/rrdtool-1.x,0.1972789115646258,oetiker/rrdtool-1.x,114,2012-09-11T07:41:14Z,Time Series,11.299110198494182,0.8027210884353742
679889516,fireproof-storage/fireproof,0.196629213483146,fireproof-storage/fireproof,109,2023-08-17T21:13:44Z,Document,0.36960985626283366,0.803370786516854
11380094,msiemens/tinydb,0.3896103896103896,msiemens/tinydb,108,2013-07-12T23:31:13Z,Document,10.466803559206022,0.6103896103896105
26774602,proullon/ramsql,0.6792452830188679,proullon/ramsql,102,2014-11-17T20:00:45Z,Relational,9.117043121149898,0.3207547169811321
52507351,diennea/herddb,0.367816091954023,diennea/herddb,100,2016-02-25T08:01:32Z,Relational,7.84394250513347,0.632183908045977
597066476,tontinton/dbeel,0.3125,tontinton/dbeel,96,2023-02-03T14:56:30Z,Document,0.9034907597535934,0.6875
57401138,bitnine-oss/agensgraph,0.3023255813953488,bitnine-oss/agensgraph,94,2016-04-29T17:19:07Z,Key-value,7.668720054757015,0.6976744186046512
57401138,bitnine-oss/agensgraph,0.3023255813953488,bitnine-oss/agensgraph,94,2016-04-29T17:19:07Z,Relational,7.668720054757015,0.6976744186046512
57401138,bitnine-oss/agensgraph,0.3023255813953488,bitnine-oss/agensgraph,94,2016-04-29T17:19:07Z,Document,7.668720054757015,0.6976744186046512
57401138,bitnine-oss/agensgraph,0.3023255813953488,bitnine-oss/agensgraph,94,2016-04-29T17:19:07Z,Graph,7.668720054757015,0.6976744186046512
429630067,marsupialtail/quokka,0.859375,marsupialtail/quokka,93,2021-11-19T01:17:06Z,Relational,2.11088295687885,0.140625
143436277,baidu/BaikalDB,0.71875,baidu/BaikalDB,92,2018-08-03T14:19:12Z,Relational,5.4072553045859,0.28125
613723,basho/riak,0.2884615384615384,basho/riak,91,2010-04-16T14:51:16Z,Key-value,13.705681040383299,0.7115384615384617
635374751,jina-ai/vectordb,0.2857142857142857,jina-ai/vectordb,86,2023-05-02T14:59:09Z,Document,0.6625598904859685,0.7142857142857143
635374751,jina-ai/vectordb,0.2857142857142857,jina-ai/vectordb,86,2023-05-02T14:59:09Z,Vector,0.6625598904859685,0.7142857142857143
52420005,griddb/griddb,0.375,griddb/griddb,85,2016-02-24T06:31:40Z,Key-value,7.846680355920602,0.625
52420005,griddb/griddb,0.375,griddb/griddb,85,2016-02-24T06:31:40Z,Time Series,7.846680355920602,0.625
5453989,jankotek/mapdb,0.2857142857142857,jankotek/mapdb,81,2012-08-17T15:28:54Z,Key-value,11.367556468172484,0.7142857142857143
5453989,jankotek/mapdb,0.2857142857142857,jankotek/mapdb,81,2012-08-17T15:28:54Z,Object Oriented,11.367556468172484,0.7142857142857143
266444815,earthstar-project/earthstar,0.5,earthstar-project/earthstar,78,2020-05-24T00:49:12Z,Document,3.600273785078713,0.5
81411018,microsoft/GraphEngine,0.3902439024390244,microsoft/GraphEngine,69,2017-02-09T05:02:16Z,Graph,6.885694729637235,0.6097560975609756
18800032,tonsky/datascript,0.6875,tonsky/datascript,66,2014-04-15T12:58:22Z,Key-value,9.708418891170432,0.3125
34839383,apache/geode,0.2962962962962963,apache/geode,60,2015-04-30T07:00:05Z,Key-value,8.668035592060233,0.7037037037037037
206403,apache/jackrabbit,0.0446096654275092,apache/jackrabbit,58,2009-05-21T01:43:24Z,Object Oriented,14.609171800136892,0.9553903345724908
206403,apache/jackrabbit,0.0446096654275092,apache/jackrabbit,58,2009-05-21T01:43:24Z,Content,14.609171800136892,0.9553903345724908
320459354,bytedance/terarkdb,0.2,bytedance/terarkdb,58,2020-12-11T03:42:58Z,Key-value,3.049965776865161,0.8
722117815,cursusdb/cursusdb,0.6923076923076923,cursusdb/cursusdb,57,2023-11-22T13:26:09Z,Document,0.10403832991101986,0.3076923076923077
56128733,apache/impala,0.0143918291550603,apache/impala,55,2016-04-13T07:00:08Z,Relational,7.712525667351129,0.9856081708449397
20537104,cayleygraph/cayley,0.2962962962962963,cayleygraph/cayley,55,2014-06-05T18:49:41Z,RDF,9.568788501026694,0.7037037037037037
160528020,mateusfreira/nun-db,0.9333333333333332,mateusfreira/nun-db,51,2018-12-05T14:10:46Z,Object Oriented,5.06776180698152,0.06666666666666676
590507334,StereoDB/StereoDB,0.8095238095238095,StereoDB/StereoDB,48,2023-01-18T15:19:57Z,Relational,0.947296372347707,0.19047619047619047
6427744,Softmotions/ejdb,0.375,Softmotions/ejdb,46,2012-10-28T13:30:23Z,Key-value,11.170431211498974,0.625
6427744,Softmotions/ejdb,0.375,Softmotions/ejdb,46,2012-10-28T13:30:23Z,Document,11.170431211498974,0.625
116522453,akrylysov/pogreb,0.5833333333333334,akrylysov/pogreb,45,2018-01-06T23:16:36Z,Key-value,5.979466119096509,0.41666666666666663
684046299,OpenTenBase/OpenTenBase,0.3333333333333333,OpenTenBase/OpenTenBase,45,2023-08-28T10:44:36Z,Relational,0.3394934976043806,0.6666666666666667
26917250,pkumod/gStore,0.3103448275862069,pkumod/gStore,44,2014-11-20T14:59:01Z,Graph,9.1088295687885,0.6896551724137931
722854801,oasysai/oasysdb,0.7142857142857143,oasysai/oasysdb,42,2023-11-24T05:38:45Z,Key-value,0.09856262833675565,0.2857142857142857
722854801,oasysai/oasysdb,0.7142857142857143,oasysai/oasysdb,42,2023-11-24T05:38:45Z,Vector,0.09856262833675565,0.2857142857142857
147880351,njaard/sonnerie,0.6470588235294118,njaard/sonnerie,39,2018-09-07T22:24:22Z,Relational,5.3114305270362765,0.3529411764705882
8039659,kairosdb/kairosdb,0.3260869565217391,kairosdb/kairosdb,37,2013-02-05T22:27:48Z,Time Series,10.896646132785763,0.673913043478261
50229487,apache/lucene-solr,0.3265306122448979,apache/lucene-solr,36,2016-01-23T08:00:06Z,Document,7.9342915811088295,0.6734693877551021
50229487,apache/lucene-solr,0.3265306122448979,apache/lucene-solr,36,2016-01-23T08:00:06Z,Search Engine,7.9342915811088295,0.6734693877551021
371172777,kelindar/column,0.7,kelindar/column,34,2021-05-26T21:27:45Z,Relational,2.595482546201232,0.30000000000000004
111333972,arun1729/cog,0.5454545454545454,arun1729/cog,33,2017-11-19T21:35:00Z,RDF,6.11088295687885,0.4545454545454546
11654790,techfort/LokiJS,0.1052631578947368,techfort/LokiJS,33,2013-07-25T07:39:20Z,Document,10.431211498973306,0.8947368421052632
183929744,erikgrinaker/toydb,0.3333333333333333,erikgrinaker/toydb,33,2019-04-28T16:02:59Z,Relational,4.673511293634497,0.6666666666666667
735981,xapian/xapian,0.845945945945946,xapian/xapian,32,2010-06-23T15:51:03Z,Document,13.519507186858316,0.15405405405405403
735981,xapian/xapian,0.845945945945946,xapian/xapian,32,2010-06-23T15:51:03Z,Search Engine,13.519507186858316,0.15405405405405403
632269609,kagisearch/vectordb,0.8333333333333334,kagisearch/vectordb,32,2023-04-25T04:13:24Z,Document,0.6817248459958932,0.16666666666666663
632269609,kagisearch/vectordb,0.8333333333333334,kagisearch/vectordb,32,2023-04-25T04:13:24Z,Vector,0.6817248459958932,0.16666666666666663
278320002,estraier/tkrzw,0.1176470588235294,estraier/tkrzw,32,2020-07-09T09:23:22Z,Key-value,3.4743326488706368,0.8823529411764706
411979983,elmarti/camadb,0.3282442748091603,elmarti/camadb,31,2021-09-30T08:16:18Z,Document,2.2477754962354553,0.6717557251908397
33275300,cachelot/cachelot,0.4,cachelot/cachelot,31,2015-04-01T21:59:52Z,Key-value,8.747433264887064,0.6
341208515,edgelesssys/edgelessdb,0.1666666666666666,edgelesssys/edgelessdb,30,2021-02-22T13:24:30Z,Relational,2.8501026694045173,0.8333333333333334
61269853,vanilladb/vanillacore,1.0,vanilladb/vanillacore,28,2016-06-16T07:01:25Z,Multivalue,7.537303216974675,0.0
37285717,pilgr/Paper,0.1764705882352941,pilgr/Paper,28,2015-06-11T20:55:15Z,Key-value,8.553045859000685,0.8235294117647058
37285717,pilgr/Paper,0.1764705882352941,pilgr/Paper,28,2015-06-11T20:55:15Z,Object Oriented,8.553045859000685,0.8235294117647058
184227406,tikv/agatedb,0.2941176470588235,tikv/agatedb,27,2019-04-30T08:54:17Z,Key-value,4.6680355920602326,0.7058823529411765
129436009,rakibtg/SleekDB,0.3181818181818182,rakibtg/SleekDB,27,2018-04-13T17:50:14Z,Document,5.713894592744696,0.6818181818181819
474070793,SnellerInc/sneller,0.0592592592592592,SnellerInc/sneller,25,2022-03-25T15:46:05Z,Document,1.7659137577002053,0.9407407407407408
331747853,microsoft/Extensible-Storage-Engine,0.0833333333333333,microsoft/Extensible-Storage-Engine,25,2021-01-21T20:34:01Z,Key-value,2.937713894592745,0.9166666666666667
8103021,Netflix/EVCache,0.4545454545454545,Netflix/EVCache,25,2013-02-08T22:52:57Z,Key-value,10.888432580424366,0.5454545454545455
64404140,tidwall/redcon,0.1818181818181818,tidwall/redcon,24,2016-07-28T14:52:34Z,Key-value,7.422313483915127,0.8181818181818182
176278485,sqlite/sqlite,0.0076923076923076,sqlite/sqlite,24,2019-03-18T12:21:01Z,Relational,4.785763175906913,0.9923076923076924
50647838,apache/kudu,0.0930703085483055,apache/kudu,24,2016-01-29T08:00:06Z,Relational,7.917864476386037,0.9069296914516944
63731386,tidwall/buntdb,0.125,tidwall/buntdb,23,2016-07-19T22:11:40Z,Key-value,7.446954140999315,0.875
97518356,dremio/dremio-oss,0.217391304347826,dremio/dremio-oss,23,2017-07-17T20:17:04Z,Relational,6.453114305270363,0.7826086956521741
681142,Bobris/BTDB,0.8148148148148148,Bobris/BTDB,22,2010-05-22T22:23:23Z,Key-value,13.607118412046544,0.18518518518518523
681142,Bobris/BTDB,0.8148148148148148,Bobris/BTDB,22,2010-05-22T22:23:23Z,Object Oriented,13.607118412046544,0.18518518518518523
5912693,ncannasse/castle,1.0,ncannasse/castle,21,2012-09-22T11:57:28Z,Document,11.268993839835728,0.0
31976266,apache/asterixdb,0.0067307692307692,apache/asterixdb,21,2015-03-10T19:06:29Z,Document,8.80766598220397,0.9932692307692308
197858776,textileio/go-threads,0.1333333333333333,textileio/go-threads,20,2019-07-20T00:24:31Z,Document,4.446269678302532,0.8666666666666667
8335020,BrightstarDB/BrightstarDB,0.2352941176470588,BrightstarDB/BrightstarDB,20,2013-02-21T12:52:27Z,RDF,10.85284052019165,0.7647058823529412
15001136,etoile/CoreObject,1.0,etoile/CoreObject,19,2013-12-07T06:34:10Z,Object Oriented,10.061601642710473,0.0
48451041,blazegraph/database,0.2727272727272727,blazegraph/database,18,2015-12-22T19:52:44Z,Graph,8.021902806297057,0.7272727272727273
48451041,blazegraph/database,0.2727272727272727,blazegraph/database,18,2015-12-22T19:52:44Z,RDF,8.021902806297057,0.7272727272727273
738338,NEventStore/NEventStore,0.5,NEventStore/NEventStore,18,2010-06-24T20:28:53Z,Event,13.516769336071183,0.5
210997817,redwood/redwood,0.2461538461538461,redwood/redwood,18,2019-09-26T04:13:14Z,Key-value,4.26009582477755,0.7538461538461538
85236158,lambdazen/bitsy,0.3333333333333333,lambdazen/bitsy,15,2017-03-16T19:54:58Z,Graph,6.789869952087611,0.6666666666666667
416174776,pysonDB/pysonDB-v2,0.2857142857142857,pysonDB/pysonDB-v2,15,2021-10-12T03:53:50Z,Document,2.21492128678987,0.7142857142857143
7561862,ideawu/ssdb,0.0,ideawu/ssdb,14,2013-01-11T15:19:07Z,Key-value,10.965092402464066,1.0
124315604,aerospike/aerospike-server,0.0063761955366631,aerospike/aerospike-server,13,2018-03-08T00:59:46Z,Key-value,5.812457221081451,0.9936238044633369
131763823,quoll/asami,0.5,quoll/asami,13,2018-05-01T21:14:38Z,Graph,5.664613278576318,0.5
509396909,lingo-db/lingo-db,0.0,lingo-db/lingo-db,13,2022-07-01T09:31:15Z,Relational,1.4976043805612593,1.0
345982729,GreatSQL/GreatSQL,0.0,GreatSQL/GreatSQL,13,2021-03-09T11:27:23Z,Relational,2.809034907597536,1.0
587246478,endatabas/endb,0.0,endatabas/endb,13,2023-01-10T09:57:42Z,Relational,0.9691991786447639,1.0
587246478,endatabas/endb,0.0,endatabas/endb,13,2023-01-10T09:57:42Z,Document,0.9691991786447639,1.0
51290852,bigchaindb/bigchaindb,0.0,bigchaindb/bigchaindb,13,2016-02-08T10:12:58Z,Key-value,7.8904859685147155,1.0
51290852,bigchaindb/bigchaindb,0.0,bigchaindb/bigchaindb,13,2016-02-08T10:12:58Z,Document,7.8904859685147155,1.0
129072319,CovenantSQL/CovenantSQL,0.3076923076923077,CovenantSQL/CovenantSQL,12,2018-04-11T09:52:58Z,Relational,5.71937029431896,0.6923076923076923
2662146,patx/pickledb,1.0,patx/pickledb,10,2011-10-28T00:04:40Z,Document,12.172484599589323,0.0
