,degree_centrality,closeness_centrality,betweenness_centrality,eigenvector_centrality,pagerank,weighted_degree_centrality,weighted_pagerank,composite_centrality,node_type,weight,label,degree,repo_id,repo_name,in_lcc
R_16563587,0.051194539249146756,0.3886138613861386,0.06025106047014059,0.1168162762824503,0.009516606446469785,0.46757679180887374,0.009516606446469785,0.48242464135093954,Repo,1,R_16563587,276,16563587,cockroachdb/cockroach,True
R_927442,0.06143344709897611,0.38957816377171217,0.03832439499390357,0.186099853706386,0.05017490945526979,7.467576791808874,0.05017490945526979,0.8551597303193438,Repo,1,R_927442,23,927442,postgres/postgres,True
R_4407129,0.013651877133105802,0.33404255319148934,0.0010497585327229068,0.0527059709904171,0.001579047354983378,0.023890784982935155,0.001579047354983378,0.17123700393904934,Repo,1,R_4407129,12,4407129,postgis/postgis,True
R_176278485,0.013651877133105802,0.2859744990892532,0.009815739505013195,0.01296846485353575,0.004007365792038341,0.017064846416382253,0.004007365792038341,0.16797573242603278,Repo,1,R_176278485,10,176278485,sqlite/sqlite,True
R_11225014,0.030716723549488054,0.3333333333333333,0.022460647606254155,0.04281316745235826,0.014936433036740387,0.43686006825938567,0.014936433036740387,0.3300687749371675,Repo,1,R_11225014,238,11225014,etcd-io/etcd,True
R_156018,0.020477815699658702,0.3390928725701944,0.009596322876244798,0.03981289059850672,0.009772877370456411,0.08532423208191127,0.009772877370456411,0.24610424787765278,Repo,1,R_156018,113,156018,redis/redis,True
R_422821402,0.006825938566552901,0.28390596745027125,0.010274673897797931,0.011987652361181923,0.004447583830547661,0.04436860068259386,0.004447583830547661,0.15947201113365844,Repo,1,R_422821402,103,422821402,FerretDB/FerretDB,True
R_41986369,0.030716723549488054,0.37559808612440193,0.009694128209004962,0.12701216042325938,0.014906183556926137,1.2559726962457338,0.014906183556926137,0.37578174900397293,Repo,1,R_41986369,148,41986369,pingcap/tidb,True
R_48833910,0.027303754266211604,0.34279475982532753,0.0138279305422094,0.0887496179406929,0.013818207957458497,1.1262798634812288,0.013818207957458497,0.3390531084666421,Repo,1,R_48833910,74,48833910,tikv/tikv,True
R_24494032,0.04436860068259386,0.35201793721973096,0.005746962222871969,0.08599600743707413,0.00822797357159897,0.18088737201365188,0.00822797357159897,0.29961078446597117,Repo,1,R_24494032,23,24494032,mysql/mysql-server,True
R_6838921,0.034129692832764506,0.3552036199095023,0.013254589921024225,0.10029299736950338,0.019363055830328216,1.5733788395904438,0.019363055830328216,0.40026129220025725,Repo,1,R_6838921,193,6838921,prometheus/prometheus,True
R_206444,0.040955631399317405,0.3435448577680525,0.002757286553236113,0.17187298572562804,0.0058524047653066005,0.3037542662116041,0.0058524047653066005,0.3198368673188267,Repo,1,R_206444,61,206444,apache/hive,True
R_150954997,0.027303754266211604,0.3568181818181818,0.013248773527031603,0.07999477059279955,0.004384893762721884,0.25597269624573377,0.004384893762721884,0.2663344338369429,Repo,1,R_150954997,122,150954997,VictoriaMetrics/VictoriaMetrics,True
R_6934395,0.08191126279863481,0.4197860962566845,0.04874101012641662,0.2348011540248812,0.02808894801856044,2.2081911262798637,0.02808894801856044,0.7226729605627363,Repo,1,R_6934395,69,6934395,facebook/rocksdb,True
R_334274271,0.030716723549488054,0.3552036199095023,0.008688109705097981,0.11515253601496758,0.009439450301401451,0.9453924914675768,0.009439450301401451,0.3224729755736752,Repo,1,R_334274271,311,334274271,opensearch-project/OpenSearch,True
R_341631350,0.030716723549488054,0.32983193277310924,0.004910925444849508,0.07828944658578574,0.01361882834682443,1.372013651877133,0.01361882834682443,0.31707546374756346,Repo,1,R_341631350,100,341631350,apache/lucene,True
R_507775,0.06143344709897611,0.37115839243498816,0.03370844371919441,0.17241088928422962,0.02769269151941828,2.9112627986348123,0.02769269151941828,0.6132851341060512,Repo,1,R_507775,161,507775,elastic/elasticsearch,True
R_17224514,0.006825938566552901,0.2798573975044563,0.00012014565685845316,0.01577975664901701,0.0009743876883996469,0.010238907849829351,0.0009743876883996469,0.11538025877049252,Repo,1,R_17224514,8,17224514,ehcache/ehcache3,True
R_17165658,0.05460750853242321,0.37922705314009664,0.01131802873354013,0.2366983241149166,0.021482167284618485,1.6143344709897611,0.021482167284618485,0.5261079150912032,Repo,1,R_17165658,317,17165658,apache/spark,True
R_50229487,0.010238907849829351,0.2849364791288566,0.0,0.037099266265718994,0.0016223189739138402,0.09897610921501707,0.0016223189739138402,0.1396887621273655,Repo,1,R_50229487,7,50229487,apache/lucene-solr,True
R_23418517,0.034129692832764506,0.3284518828451883,0.0019964310567193483,0.1534917164867819,0.003234785176606039,0.14334470989761092,0.003234785176606039,0.273222735427662,Repo,1,R_23418517,10,23418517,apache/hadoop,True
R_453068084,0.04778156996587031,0.38765432098765434,0.011957815970206082,0.22144548953346568,0.0037718383607735053,0.22525597269624573,0.0037718383607735053,0.38159218388059685,Repo,1,R_453068084,321,453068084,risingwavelabs/risingwave,True
R_302827809,0.023890784982935155,0.3442982456140351,0.0005756965325727305,0.11863012617431928,0.0021381484299170814,0.05802047781569966,0.0021381484299170814,0.23085614214156394,Repo,1,R_302827809,132,302827809,datafuselabs/databend,True
R_138754790,0.051194539249146756,0.37028301886792453,0.015370982570021828,0.1915981983541418,0.01000200553882264,0.34812286689419797,0.01000200553882264,0.4115507071426753,Repo,1,R_138754790,224,138754790,duckdb/duckdb,True
R_56128733,0.010238907849829351,0.3030888030888031,3.9506819563156934e-05,0.06197275814940545,0.0010081190789754096,0.017064846416382253,0.0010081190789754096,0.1544285823299459,Repo,1,R_56128733,19,56128733,apache/impala,True
R_9342529,0.030716723549488054,0.3819951338199513,0.013762913442912765,0.1622104246768397,0.018579860698150923,2.174061433447099,0.018579860698150923,0.4457574490519081,Repo,1,R_9342529,64,9342529,crate/crate,True
R_358917318,0.05802047781569966,0.3857493857493858,0.011610407085090499,0.2543970757661651,0.011957588496265277,0.5563139931740614,0.011957588496265277,0.46909690316695013,Repo,1,R_358917318,188,358917318,apache/arrow-datafusion,True
R_20587599,0.03754266211604096,0.3568181818181818,0.009782767724872361,0.19560577590040304,0.004342766331231457,0.17747440273037543,0.004342766331231457,0.3371357714098,Repo,1,R_20587599,93,20587599,apache/flink,True
R_393235957,0.010238907849829351,0.29734848484848486,0.001889990181869185,0.04232145181757623,0.002094598251478663,0.010238907849829351,0.002094598251478663,0.1522346500909177,Repo,1,R_393235957,9,393235957,risinglightdb/risinglight,True
R_5349565,0.034129692832764506,0.36342592592592593,0.006777751846416456,0.1953954061690199,0.026114892954193707,2.6075085324232083,0.026114892954193707,0.498837859064619,Repo,1,R_5349565,75,5349565,prestodb/presto,True
R_11008207,0.013651877133105802,0.29961832061068705,0.0015153657211418139,0.020831040470229146,0.0014423457512973345,0.017064846416382253,0.0014423457512973345,0.14235149208233008,Repo,1,R_11008207,97,11008207,vitessio/vitess,True
R_30753733,0.010238907849829351,0.3115079365079365,0.0005436962994047395,0.034644646436856004,0.0034828651095700747,0.07167235494880546,0.0034828651095700747,0.1587659244924913,Repo,1,R_30753733,10,30753733,percona/percona-server,True
R_114187903,0.040955631399317405,0.30019120458891013,0.007161996659970859,0.05470226608958024,0.004931437359718228,0.05460750853242321,0.004931437359718228,0.24118909331405308,Repo,1,R_114187903,39,114187903,apple/foundationdb,True
R_456549280,0.017064846416382253,0.3210633946830266,0.0006752566864440273,0.05098542241254497,0.00381678660019328,0.06825938566552901,0.00381678660019328,0.1845650956365899,Repo,1,R_456549280,28,456549280,ydb-platform/ydb,True
R_208728772,0.017064846416382253,0.3347547974413646,0.008442799636377143,0.03619211313960872,0.002277239917398652,0.04436860068259386,0.002277239917398652,0.1900621384014147,Repo,1,R_208728772,120,208728772,milvus-io/milvus,True
R_166515022,0.06825938566552901,0.37740384615384615,0.02348840679217728,0.2595938974298118,0.013832108409054144,0.962457337883959,0.013832108409054144,0.5330824473019659,Repo,1,R_166515022,196,166515022,trinodb/trino,True
R_20473418,0.010238907849829351,0.2828828828828829,4.792947129545381e-05,0.05120424406389171,0.0012743637994481354,0.017064846416382253,0.0012743637994481354,0.1432968732792816,Repo,1,R_20473418,11,20473418,apache/phoenix,True
R_20089857,0.017064846416382253,0.30019120458891013,0.0004910698128920235,0.07348639834572647,0.002133164252734471,0.04778156996587031,0.002133164252734471,0.1793899239112217,Repo,1,R_20089857,27,20089857,apache/hbase,True
R_60246359,0.08532423208191127,0.4266304347826087,0.04895168024959037,0.2479155672996192,0.023027039816261904,0.7440273037542662,0.023027039816261904,0.6811012435703638,Repo,1,R_60246359,370,60246359,ClickHouse/ClickHouse,True
R_160999,0.017064846416382253,0.35044642857142855,0.0038991086135997124,0.06370079220453619,0.0025807494592761417,0.051194539249146756,0.0025807494592761417,0.20156801064314625,Repo,1,R_160999,30,160999,apache/zookeeper,True
R_581145740,0.010238907849829351,0.31462925851703405,0.00030042235928457253,0.0527767724351459,0.00509924024622327,0.13993174061433447,0.00509924024622327,0.17986953867376274,Repo,1,R_581145740,25,581145740,ByConity/ByConity,True
R_130688011,0.017064846416382253,0.3284518828451883,0.003073063494333545,0.04195419398311827,0.002147267707603255,0.034129692832764506,0.002147267707603255,0.17744293246327342,Repo,1,R_130688011,117,130688011,meilisearch/meilisearch,True
R_678214856,0.017064846416382253,0.3347547974413646,0.0008015465427147285,0.0667798418176316,0.010780244257594631,0.3720136518771331,0.010780244257594631,0.24423718479221207,Repo,1,R_678214856,33,678214856,timeplus-io/proton,True
R_606433492,0.020477815699658702,0.33192389006342493,0.0017907630861488113,0.07384216013869833,0.003967378010286413,0.10921501706484642,0.003967378010286413,0.21079391407240394,Repo,1,R_606433492,41,606433492,chdb-io/chdb,True
R_574588439,0.010238907849829351,0.3210633946830266,0.00011084632500138136,0.05431398630693472,0.0034573780209940018,0.06484641638225255,0.0034573780209940018,0.17148547233095326,Repo,1,R_574588439,22,574588439,ytsaurus/ytsaurus,True
R_551374215,0.013651877133105802,0.32040816326530613,0.0034669359229126144,0.05479505968569652,0.002563439296201086,0.020477815699658702,0.002563439296201086,0.17918204203427712,Repo,1,R_551374215,19,551374215,cozodb/cozo,True
R_19257422,0.013651877133105802,0.3250517598343685,0.007181962691102903,0.06410267383538745,0.006368692688804399,1.266211604095563,0.006368692688804399,0.24051309726200057,Repo,1,R_19257422,44,19257422,questdb/questdb,True
R_198683574,0.010238907849829351,0.3243801652892562,0.007590233297489363,0.037371909383691254,0.00203341502544389,0.013651877133105802,0.00203341502544389,0.17178920651608473,Repo,1,R_198683574,59,198683574,dolthub/dolt,True
R_182849188,0.027303754266211604,0.3488888888888889,0.0016703756969488495,0.14070842505382455,0.006914389642192176,0.4948805460750853,0.006914389642192176,0.2888420556153216,Repo,1,R_182849188,43,182849188,delta-io/delta,True
R_6358188,0.010238907849829351,0.3184584178498986,0.0017223049080903451,0.03523572278901482,0.001229204250442621,0.013651877133105802,0.001229204250442621,0.15006514370690469,Repo,1,R_6358188,120,6358188,apache/druid,True
R_385634291,0.010238907849829351,0.27886323268206037,0.00048099295588074876,0.018838980272553065,0.013041713771782468,1.1023890784982935,0.013041713771782468,0.21400643055019367,Repo,1,R_385634291,126,385634291,grafana/mimir,True
R_184981,0.006825938566552901,0.24841772151898733,8.754499976623498e-05,0.0054837073590664615,0.0012208909900240277,0.020477815699658702,0.0012208909900240277,0.10073132728906989,Repo,1,R_184981,18,184981,memcached/memcached,True
R_351806852,0.010238907849829351,0.28186714542190305,1.71817289260835e-05,0.023400054677242033,0.0012225463711400034,0.07167235494880546,0.0012225463711400034,0.12832780612676817,Repo,1,R_351806852,140,351806852,neondatabase/neon,True
R_84240850,0.006825938566552901,0.28136200716845877,0.0,0.021245501413284625,0.0015980332139049261,0.13651877133105803,0.0015980332139049261,0.12463078208879128,Repo,1,R_84240850,35,84240850,timescale/timescaledb,True
R_44781140,0.010238907849829351,0.28186714542190305,0.0,0.023400054677242033,0.00363167902619207,0.3515358361774744,0.00363167902619207,0.14757838037276333,Repo,1,R_44781140,53,44781140,greenplum-db/gpdb,True
R_158975124,0.0,0.0,0.0,2.0233157364174995e-24,0.0007882291119330043,0.0,0.0007882291119330043,0.0,Repo,1,R_158975124,44,158975124,apache/iotdb,False
R_114619105,0.023890784982935155,0.3102766798418972,0.002525629378258066,0.10683250953548483,0.008761368465793423,0.5358361774744027,0.008761368465793423,0.26505278013442224,Repo,1,R_114619105,134,114619105,apache/kyuubi,True
R_33745913,0.051194539249146756,0.3458149779735683,0.0244431252914127,0.11107229189629604,0.01153341564198421,0.17406143344709898,0.01153341564198421,0.3860834397946502,Repo,1,R_33745913,36,33745913,h2database/h2database,True
R_55072677,0.013651877133105802,0.2870201096892139,0.002018488398279387,0.02910070747319008,0.0015860121221305307,0.013651877133105802,0.0015860121221305307,0.1446426383319035,Repo,1,R_55072677,12,55072677,semi-technologies/weaviate,True
R_388946490,0.040955631399317405,0.38957816377171217,0.009903211534070202,0.21781417415216622,0.03131218945311257,3.051194539249147,0.03131218945311257,0.5773268552098608,Repo,1,R_388946490,126,388946490,facebookincubator/velox,True
R_99919302,0.027303754266211604,0.3685446009389671,0.0028194885639781244,0.15851370146639882,0.0013309463216348285,0.034129692832764506,0.0013309463216348285,0.26683084739649376,Repo,1,R_99919302,73,99919302,apache/doris,True
R_75425073,0.010238907849829351,0.0,0.00020618074711300203,5.5334949350174127e-14,0.006792020541113036,0.010238907849829351,0.006792020541113036,0.052561025264807625,Repo,1,R_75425073,71,75425073,pubkey/rxdb,False
R_714074,0.006825938566552901,0.0,0.000171817289260835,3.912772147493404e-14,0.0065259736532505075,0.010238907849829351,0.0065259736532505075,0.04522611499888855,Repo,1,R_714074,20,714074,pouchdb/pouchdb,False
R_2649214,0.0034129692832764505,0.2962264150943396,0.0,0.023810751016795896,0.0008989516289337082,0.010238907849829351,0.0008989516289337082,0.11884538809999963,Repo,1,R_2649214,45,2649214,arangodb/arangodb,True
R_3786237,0.020477815699658702,0.31781376518218624,0.0036799906677657894,0.08027621668219952,0.00717877226959724,0.30716723549488056,0.00717877226959724,0.23645489218702082,Repo,1,R_3786237,144,3786237,hazelcast/hazelcast,True
R_195619075,0.006825938566552901,0.23224852071005916,0.00016609004628547383,0.002983323907625951,0.0012996841636118623,0.006825938566552901,0.0012996841636118623,0.09432199250147091,Repo,1,R_195619075,14,195619075,vdaas/vald,True
R_94593596,0.013651877133105802,0.2875457875457875,0.005881039978647236,0.014968874282047642,0.011763876814288463,0.3412969283276451,0.011763876814288463,0.21134944661981603,Repo,1,R_94593596,42,94593596,etcd-io/bbolt,True
R_196353673,0.0,0.0,0.0,2.0233157364174995e-24,0.0007882291119330043,0.0,0.0007882291119330043,0.0,Repo,1,R_196353673,22,196353673,taosdata/TDengine,False
R_478288303,0.0034129692832764505,0.23432835820895523,0.0,0.004541430986804309,0.0008932671709414493,0.0034129692832764505,0.0008932671709414493,0.0873512624194488,Repo,1,R_478288303,14,478288303,nuclia/nucliadb,True
R_31006158,0.0034129692832764505,0.2744755244755245,0.0,0.02632395384546959,0.0009132933081301021,0.010238907849829351,0.0009132933081301021,0.11302811643488504,Repo,1,R_31006158,11,31006158,apache/ignite,True
R_13124802,0.023890784982935155,0.35201793721973096,0.00628405926905297,0.0959691968025781,0.0022970827867311912,0.09556313993174062,0.0022970827867311912,0.23614292575641224,Repo,1,R_13124802,71,13124802,influxdata/influxdb,True
R_61153677,0.006825938566552901,0.2773851590106007,0.0,0.01828287004264655,0.000980802590964164,0.017064846416382253,0.000980802590964164,0.11581274373594712,Repo,1,R_61153677,14,61153677,m3db/m3,True
R_150013328,0.013651877133105802,0.2783687943262411,0.002250574424406769,0.019902024586327963,0.003279087260404447,0.020477815699658702,0.003279087260404447,0.14715934680620105,Repo,1,R_150013328,25,150013328,cberner/redb,True
R_339993112,0.006825938566552901,0.2520064205457464,0.0018556267240170182,0.004433908463511554,0.0011360556590504266,0.010238907849829351,0.0011360556590504266,0.10486079744593692,Repo,1,R_339993112,49,339993112,matrixorigin/matrixone,True
R_80087836,0.010238907849829351,0.20258064516129032,0.0019071719107952687,0.0009086691505287933,0.008884806373349874,0.20819112627986347,0.008884806373349874,0.14082245801499874,Repo,1,R_80087836,24,80087836,dgraph-io/badger,True
R_19961085,0.023890784982935155,0.3584474885844749,0.007107303128740189,0.09406358466949807,0.002620146805936281,0.08532423208191127,0.002620146805936281,0.24087225189051117,Repo,1,R_19961085,128,19961085,apache/pinot,True
R_480217156,0.03754266211604096,0.3617511520737327,0.00908452527639458,0.15250982424121115,0.006743162827272636,0.310580204778157,0.006743162827272636,0.32984913412899347,Repo,1,R_480217156,117,480217156,GreptimeTeam/greptimedb,True
R_510375115,0.010238907849829351,0.2896678966789668,1.3870523856596383e-05,0.04312586700874321,0.002744241698427165,0.10580204778156997,0.002744241698427165,0.15124364901813211,Repo,1,R_510375115,44,510375115,splitgraph/seafowl,True
R_496817075,0.006825938566552901,0.2793594306049822,0.0,0.030170962828634337,0.002635354669406424,0.09897610921501707,0.002635354669406424,0.13415495175908798,Repo,1,R_496817075,105,496817075,GlareDB/glaredb,True
R_105944401,0.04778156996587031,0.3801452784503632,0.013954389879574078,0.11138056931216192,0.004504961003400677,0.23890784982935154,0.004504961003400677,0.3277443465468763,Repo,1,R_105944401,97,105944401,yugabyte/yugabyte-db,True
R_125824259,0.013651877133105802,0.34130434782608693,0.005661658626225689,0.053277609099289705,0.0011136944449237213,0.013651877133105802,0.0011136944449237213,0.1820300955583601,Repo,1,R_125824259,43,125824259,xtdb/xtdb,True
R_50647838,0.006825938566552901,0.307843137254902,0.00027616501773755766,0.03761951533004708,0.0010773760871511673,0.020477815699658702,0.0010773760871511673,0.13793153360792196,Repo,1,R_50647838,15,50647838,apache/kudu,True
R_60377070,0.0034129692832764505,0.24569640062597808,0.0,0.006500734481503425,0.006107446230710431,1.2457337883959045,0.006107446230710431,0.14616739940468446,Repo,1,R_60377070,61,60377070,vespa-engine/vespa,True
R_108110,0.013651877133105802,0.2246065808297568,0.00377998036373837,0.0013920456974574234,0.008044612347364383,0.06143344709897611,0.008044612347364383,0.1509503655873347,Repo,1,R_108110,9,108110,mongodb/mongo,True
R_201403923,0.0,0.0,0.0,2.0233157364174995e-24,0.0007882291119330043,0.0,0.0007882291119330043,0.0,Repo,1,R_201403923,7,201403923,activeloopai/deeplake,False
R_34839383,0.0034129692832764505,0.23716012084592145,0.0,0.01083312049770197,0.0008356620829841997,0.0034129692832764505,0.0008356620829841997,0.09142859818929351,Repo,1,R_34839383,4,34839383,apache/geode,True
R_23405758,0.017064846416382253,0.314,0.0019744192300100894,0.050690546384369005,0.002123681106023436,0.020477815699658702,0.002123681106023436,0.17440888541947808,Repo,1,R_23405758,13,23405758,google/leveldb,True
R_11695619,0.0034129692832764505,0.2573770491803279,0.0,0.011263128269563367,0.0025183666417844175,0.030716723549488054,0.0025183666417844175,0.10869206741037747,Repo,1,R_11695619,93,11695619,eXist-db/exist,True
R_268163609,0.027303754266211604,0.3326271186440678,0.007143233029674018,0.07421203195012556,0.00207102117124013,0.05460750853242321,0.00207102117124013,0.22333682147663955,Repo,1,R_268163609,181,268163609,qdrant/qdrant,True
R_357707809,0.013651877133105802,0.3060428849902534,0.00034054026777658597,0.03380513871704993,0.011794728400167136,0.3447098976109215,0.011794728400167136,0.21501606145937718,Repo,1,R_357707809,119,357707809,quickwit-oss/quickwit,True
R_49876476,0.013651877133105802,0.3165322580645161,0.005463011972016829,0.0404570208411011,0.0030175436908086257,0.06825938566552901,0.0030175436908086257,0.17826777087505863,Repo,1,R_49876476,120,49876476,apache/shardingsphere,True
R_220186120,0.0034129692832764505,0.2744755244755245,0.0,0.02632395384546959,0.000829917177332037,0.0034129692832764505,0.000829917177332037,0.11241518228807477,Repo,1,R_220186120,47,220186120,codenotary/immudb,True
R_79317191,0.013651877133105802,0.3121272365805169,0.00398619017001009,0.036946882284410544,0.001498526954859516,0.013651877133105802,0.001498526954859516,0.16152694426248476,Repo,1,R_79317191,51,79317191,typesense/typesense,True
R_442441933,0.0034129692832764505,0.2706896551724138,0.0,0.01942988915397417,0.002121929873261838,0.05460750853242321,0.002121929873261838,0.11580759531397687,Repo,1,R_442441933,14,442441933,mabel-dev/opteryx,True
R_50874442,0.0034129692832764505,0.2808586762075134,0.0,0.018872444835118633,0.03656290180403551,6.262798634812286,0.03656290180403551,0.43692024206302127,Repo,1,R_50874442,28,50874442,citusdata/citus,True
R_2944302,0.0034129692832764505,0.18362573099415205,0.0,0.00014117785115170975,0.0030703646961745307,0.020477815699658702,0.0030703646961745307,0.08087350004163951,Repo,1,R_2944302,11,2944302,wiredtiger/wiredtiger,True
R_298763623,0.0034129692832764505,0.2706896551724138,0.0,0.01942988915397417,0.002121929873261838,0.05460750853242321,0.002121929873261838,0.11580759531397687,Repo,1,R_298763623,42,298763623,kuzudb/kuzu,True
R_49412556,0.023890784982935155,0.30544747081712065,0.007299608385255421,0.044784834433284244,0.012969277872355345,0.3583617747440273,0.012969277872355345,0.2615581761035804,Repo,1,R_49412556,55,49412556,quickwit-oss/tantivy,True
R_19816070,0.006825938566552901,0.27304347826086955,0.0002635089617007893,0.011128285127658104,0.0017852730430834784,0.020477815699658702,0.0017852730430834784,0.11576583394723439,Repo,1,R_19816070,32,19816070,MariaDB/server,True
R_25780780,0.0,0.0,0.0,2.0233157364174995e-24,0.0007882291119330043,0.0,0.0007882291119330043,0.0,Repo,1,R_25780780,29,25780780,AlaSQL/alasql,False
R_462329984,0.0034129692832764505,0.2962264150943396,0.0,0.023810751016795896,0.01728588414503789,1.5255972696245734,0.01728588414503789,0.24263717944514124,Repo,1,R_462329984,16,462329984,speedb-io/speedb,True
R_143436277,0.0034129692832764505,0.2962264150943396,0.0,0.023810751016795896,0.0008620441232668069,0.006825938566552901,0.0008620441232668069,0.11856657775913218,Repo,1,R_143436277,5,143436277,baidu/BaikalDB,True
R_41349039,0.006825938566552901,0.2520064205457464,0.0018556267240170182,0.004433908463511554,0.008169044296766105,0.20477815699658702,0.008169044296766105,0.14926999233072116,Repo,1,R_41349039,42,41349039,dgraph-io/dgraph,True
R_86868560,0.0,0.0,0.0,2.0233157364174995e-24,0.0007882291119330043,0.0,0.0007882291119330043,0.0,Repo,1,R_86868560,45,86868560,TileDB-Inc/TileDB,False
R_1917262,0.006825938566552901,0.22492836676217765,0.00034363457852167,0.0014563584374710106,0.002531583425207504,0.010238907849829351,0.002531583425207504,0.0986436352903053,Repo,1,R_1917262,24,1917262,realm/realm-core,True
R_911980,0.010238907849829351,0.26475548060708265,0.0009851676095189116,0.008291803735809192,0.0022442372525268337,0.013651877133105802,0.0022442372525268337,0.12137965581475295,Repo,1,R_911980,81,911980,tarantool/tarantool,True
R_95817032,0.006825938566552901,0.2951127819548872,0.0017359388842335688,0.021823403563266393,0.0011642457086006737,0.010238907849829351,0.0011642457086006737,0.12874387429482395,Repo,1,R_95817032,44,95817032,edgedb/edgedb,True
R_661663226,0.0034129692832764505,0.0,0.0,2.864347395048771e-14,0.0027126349320601454,0.0034129692832764505,0.0027126349320601454,0.01691274542122892,Repo,1,R_661663226,14,661663226,maxnowack/signaldb,False
R_77385607,0.017064846416382253,0.2940074906367041,0.01209745524066588,0.024412537387888372,0.00564536464861291,0.08532423208191127,0.00564536464861291,0.19886972871316572,Repo,1,R_77385607,91,77385607,JanusGraph/janusgraph,True
R_30449481,0.023890784982935155,0.2711571675302245,0.006870275686046162,0.010825294178909652,0.010692131120229105,0.16723549488054607,0.010692131120229105,0.21353966355701687,Repo,1,R_30449481,83,30449481,apache/tinkerpop,True
R_206424,0.006825938566552901,0.22819767441860464,0.0018556267240170182,0.002501243221489318,0.0025836011410862113,0.006825938566552901,0.0025836011410862113,0.10413399796178358,Repo,1,R_206424,35,206424,apache/cassandra,True
R_546206616,0.010238907849829351,0.307843137254902,0.0,0.056601194773186314,0.001324834276329435,0.020477815699658702,0.001324834276329435,0.15486844076441203,Repo,1,R_546206616,88,546206616,chroma-core/chroma,True
R_84458512,0.010238907849829351,0.266553480475382,0.0033695006779185565,0.0044851764503799785,0.0038326789792956324,0.023890784982935155,0.0038326789792956324,0.13492562431692626,Repo,1,R_84458512,16,84458512,RedisGraph/RedisGraph,True
R_148087762,0.0,0.0,0.0,2.0233157364174995e-24,0.0007882291119330043,0.0,0.0007882291119330043,0.0,Repo,1,R_148087762,23,148087762,georgia-tech-db/eva,False
R_6650539,0.010238907849829351,0.2561174551386623,0.0024478831514924836,0.003959566945036591,0.002230184943631402,0.020477815699658702,0.002230184943631402,0.11962057095070966,Repo,1,R_6650539,33,6650539,neo4j/neo4j,True
R_346976717,0.010238907849829351,0.29236499068901306,0.0002541235388957074,0.025564643976257236,0.0012369126374693834,0.010238907849829351,0.0012369126374693834,0.13250387081018503,Repo,1,R_346976717,42,346976717,4paradigm/OpenMLDB,True
R_52080367,0.0,0.0,0.0,2.0233157364174995e-24,0.0007882291119330043,0.0,0.0007882291119330043,0.0,Repo,1,R_52080367,6,52080367,CUBRID/cubrid,False
R_2524488,0.013651877133105802,0.3030888030888031,0.0017507316521031143,0.05005053789508633,0.001588079594717505,0.027303754266211604,0.001588079594717505,0.1611904073810211,Repo,1,R_2524488,41,2524488,apache/accumulo,True
R_449924556,0.006825938566552901,0.25779967159277506,5.322164865759292e-05,0.009294514539334418,0.0016306873989238042,0.010238907849829351,0.0016306873989238042,0.10806351694632041,Repo,1,R_449924556,14,449924556,tigrisdata/tigris,True
R_198466472,0.0034129692832764505,0.21073825503355706,0.0,0.00045486121050088135,0.0012535720323982123,0.0034129692832764505,0.0012535720323982123,0.07928769263177145,Repo,1,R_198466472,25,198466472,terminusdb/terminusdb,True
R_5844474,0.0,0.0,0.0,2.0233157364174995e-24,0.0007882291119330043,0.0,0.0007882291119330043,0.0,Repo,1,R_5844474,25,5844474,EventStore/EventStore,False
R_34533675,0.010238907849829351,0.29734848484848486,6.883390815552207e-05,0.04361585594268818,0.0012894733071559554,0.017064846416382253,0.0012894733071559554,0.14410168886951039,Repo,1,R_34533675,62,34533675,apache/sedona,True
R_396856161,0.0034129692832764505,0.28035714285714286,0.0,0.011846474510030213,0.0009653426186222795,0.010238907849829351,0.0009653426186222795,0.10733159075722705,Repo,1,R_396856161,68,396856161,authzed/spicedb,True
R_95614931,0.0,0.0,0.0,2.0233157364174995e-24,0.0007882291119330043,0.0,0.0007882291119330043,0.0,Repo,1,R_95614931,60,95614931,manticoresoftware/manticoresearch,False
R_396867188,0.006825938566552901,0.21389645776566757,0.0,0.001221580405031996,0.002618981120489266,0.027303754266211604,0.002618981120489266,0.09483770654581462,Repo,1,R_396867188,56,396867188,ArcadeData/arcadedb,True
R_7083240,0.006825938566552901,0.21389645776566757,0.0,0.001221580405031996,0.0012520446468868682,0.006825938566552901,0.0012520446468868682,0.08653789030603472,Repo,1,R_7083240,10,7083240,orientechnologies/orientdb,True
R_31315021,0.0,0.0,0.0,2.0233157364174995e-24,0.0007882291119330043,0.0,0.0007882291119330043,0.0,Repo,1,R_31315021,39,31315021,Kinto/kinto,False
R_542714,0.013651877133105802,0.28390596745027125,0.004306123028686307,0.014449474080431976,0.0019365456489390746,0.013651877133105802,0.0019365456489390746,0.14298912362944652,Repo,1,R_542714,52,542714,ravendb/ravendb,True
R_1050944,0.006825938566552901,0.28136200716845877,0.0007645869372107157,0.015300621894235514,0.001312993558235736,0.006825938566552901,0.001312993558235736,0.1190420231491114,Repo,1,R_1050944,48,1050944,infinispan/infinispan,True
R_276293034,0.013651877133105802,0.30426356589147285,0.005777567189461154,0.02373428479139906,0.0019316111478134262,0.023890784982935155,0.0019316111478134262,0.1585715540267989,Repo,1,R_276293034,30,276293034,apache/age,True
R_141376301,0.013651877133105802,0.3184584178498986,0.007302940924691592,0.0382171085407651,0.0022076449345392714,0.040955631399317405,0.0022076449345392714,0.1768348315133972,Repo,1,R_141376301,28,141376301,apache/incubator-hugegraph,True
R_660776503,0.020477815699658702,0.3152610441767068,0.005713635726015267,0.032850977741357756,0.0027852542657203737,0.030716723549488054,0.0027852542657203737,0.18361717537490735,Repo,1,R_660776503,85,660776503,paradedb/paradedb,True
R_432844875,0.0034129692832764505,0.2400611620795107,0.0,0.00333166840237258,0.001051284774656316,0.0034129692832764505,0.001051284774656316,0.0895193177682653,Repo,1,R_432844875,6,432844875,orioledb/orioledb,True
R_607441698,0.006825938566552901,0.23502994011976047,0.001889990181869185,0.004588615542289749,0.0024474895418277937,0.006825938566552901,0.0024474895418277937,0.10686452048239334,Repo,1,R_607441698,27,607441698,lancedb/lancedb,True
R_28738447,0.0034129692832764505,0.2573770491803279,0.0,0.011263128269563367,0.000980466615249828,0.0034129692832764505,0.000980466615249828,0.0992726019018428,Repo,1,R_28738447,6,28738447,apache/kylin,True
R_91593042,0.0,0.0,0.0,2.0233157364174995e-24,0.0007882291119330043,0.0,0.0007882291119330043,0.0,Repo,1,R_91593042,5,91593042,bloomberg/comdb2,False
R_372536760,0.017064846416382253,0.29734848484848486,0.0002649523596474407,0.03654643858371355,0.0018830051478004926,0.023890784982935155,0.0018830051478004926,0.1556692039065654,Repo,1,R_372536760,40,372536760,oceanbase/oceanbase,True
R_206417,0.0034129692832764505,0.0,0.0,2.0254001530518505e-14,0.004486280848724062,0.006825938566552901,0.004486280848724062,0.027239021417222058,Repo,1,R_206417,49,206417,apache/couchdb,False
R_146459443,0.0034129692832764505,0.2962264150943396,0.0,0.023810751016795896,0.0008251366175999056,0.0034129692832764505,0.0008251366175999056,0.11828776741826476,Repo,1,R_146459443,25,146459443,vesoft-inc/nebula,True
R_47973088,0.013651877133105802,0.2638655462184874,0.0023881684466125065,0.016788693780316825,0.002756597859082494,0.07167235494880546,0.002756597859082494,0.13887251473922707,Repo,1,R_47973088,17,47973088,gchq/Gaffer,True
R_305513242,0.0,0.0,0.0,2.0233157364174995e-24,0.0007882291119330043,0.0,0.0007882291119330043,0.0,Repo,1,R_305513242,15,305513242,fluree/db,False
R_520096046,0.0,0.0,0.0,2.0233157364174995e-24,0.0007882291119330043,0.0,0.0007882291119330043,0.0,Repo,1,R_520096046,17,520096046,marqo-ai/marqo,False
R_31976266,0.0,0.0,0.0,2.0233157364174995e-24,0.0007882291119330043,0.0,0.0007882291119330043,0.0,Repo,1,R_31976266,7,31976266,apache/asterixdb,False
R_420965027,0.010238907849829351,0.3090551181102362,0.0003068661092396239,0.04535367671968436,0.0017534990066447823,0.04778156996587031,0.0017534990066447823,0.15281450091301088,Repo,1,R_420965027,25,420965027,cnosdb/cnosdb,True
R_54005538,0.006825938566552901,0.3115079365079365,0.002593104711144357,0.025981986884456427,0.0013548600067759154,0.006825938566552901,0.0013548600067759154,0.13959212699346707,Repo,1,R_54005538,17,54005538,FirebirdSQL/firebird,True
R_510607652,0.0034129692832764505,0.2453125,0.0,0.003789956585894611,0.0012203400918715346,0.0034129692832764505,0.0012203400918715346,0.09250795541973489,Repo,1,R_510607652,56,510607652,pocketbase/pocketbase,True
R_7437073,0.0,0.0,0.0,2.0233157364174995e-24,0.0007882291119330043,0.0,0.0007882291119330043,0.0,Repo,1,R_7437073,80,7437073,apache/jena,False
R_344711168,0.0034129692832764505,0.0,0.0,8.486401286518864e-18,0.005254860746187055,0.020477815699658702,0.005254860746187055,0.031946612959071946,Repo,1,R_344711168,13,344711168,IceFireDB/IceFireDB,False
R_64404140,0.0034129692832764505,0.0,0.0,8.486401286518864e-18,0.005254860746187055,0.020477815699658702,0.005254860746187055,0.031946612959071946,Repo,1,R_64404140,5,64404140,tidwall/redcon,False
R_49670957,0.006825938566552901,0.2720970537261698,0.001889990181869185,0.017665023417787605,0.0023261382289564043,0.006825938566552901,0.0023261382289564043,0.12577047003353767,Repo,1,R_49670957,21,49670957,eclipse/rdf4j,True
R_170496871,0.0,0.0,0.0,2.0233157364174995e-24,0.0007882291119330043,0.0,0.0007882291119330043,0.0,Repo,1,R_170496871,2,170496871,gridgain/gridgain,False
R_65259211,0.0,0.0,0.0,2.0233157364174995e-24,0.0007882291119330043,0.0,0.0007882291119330043,0.0,Repo,1,R_65259211,2,65259211,xap/xap,False
R_644742603,0.006825938566552901,0.28136200716845877,0.0,0.021245501413284625,0.0016464638558929868,0.09897610921501707,0.0016464638558929868,0.1241927622675307,Repo,1,R_644742603,12,644742603,cloudberrydb/cloudberrydb,True
R_507829396,0.0034129692832764505,0.2634228187919463,0.0,0.008112242819269002,0.0008379010147971223,0.0034129692832764505,0.0008379010147971223,0.09873828533299511,Repo,1,R_507829396,13,507829396,openGemini/openGemini,True
R_125234630,0.0034129692832764505,0.25363489499192243,0.0,0.004037493624672145,0.0011207560549189124,0.0034129692832764505,0.0011207560549189124,0.09485481184249349,Repo,1,R_125234630,9,125234630,danielealbano/cachegrand,True
R_23247808,0.0034129692832764505,0.22364672364672364,0.0,0.001518017193140518,0.0008881490308397285,0.0034129692832764505,0.0008881490308397285,0.08208109368702081,Repo,1,R_23247808,32,23247808,rqlite/rqlite,True
R_45732002,0.0,0.0,0.0,2.0233157364174995e-24,0.0007882291119330043,0.0,0.0007882291119330043,0.0,Repo,1,R_45732002,18,45732002,jnidzwetzki/bboxdb,False
R_21985130,0.0,0.0,0.0,2.0233157364174995e-24,0.0007882291119330043,0.0,0.0007882291119330043,0.0,Repo,1,R_21985130,7,21985130,OpenHFT/Chronicle-Map,False
R_385356389,0.0,0.0,0.0,2.0233157364174995e-24,0.0007882291119330043,0.0,0.0007882291119330043,0.0,Repo,1,R_385356389,5,385356389,vmware/splinterdb,False
R_543276238,0.0034129692832764505,0.0,0.0,8.486401286518864e-18,0.005254860746187055,0.0034129692832764505,0.005254860746187055,0.031620156965339895,Repo,1,R_543276238,28,543276238,libsql/libsql,False
R_124315604,0.0034129692832764505,0.20442708333333334,0.0,0.0009221845400727717,0.001782158085244882,0.0034129692832764505,0.001782158085244882,0.08048957278621496,Repo,1,R_124315604,3,124315604,aerospike/aerospike-server,True
R_39519916,0.0034129692832764505,0.18362573099415205,0.0,0.00014117785115170975,0.0015489409733468464,0.006825938566552901,0.0015489409733468464,0.07181051886186156,Repo,1,R_39519916,3,39519916,percona/percona-server-mongodb,True
R_473235285,0.0034129692832764505,0.28035714285714286,0.0,0.011846474510030213,0.0008472669474960961,0.0034129692832764505,0.0008472669474960961,0.10651791109947052,Repo,1,R_473235285,14,473235285,polarsignals/frostdb,True
R_67904342,0.0034129692832764505,0.0,0.0,8.486401286518864e-18,0.005254860746187055,0.0034129692832764505,0.005254860746187055,0.031620156965339895,Repo,1,R_67904342,4,67904342,Expensify/Bedrock,False
R_9595928,0.0,0.0,0.0,2.0233157364174995e-24,0.0007882291119330043,0.0,0.0007882291119330043,0.0,Repo,1,R_9595928,22,9595928,mirage/irmin,False
R_87414843,0.0,0.0,0.0,2.0233157364174995e-24,0.0007882291119330043,0.0,0.0007882291119330043,0.0,Repo,1,R_87414843,8,87414843,hyrise/hyrise,False
R_66783145,0.0,0.0,0.0,2.0233157364174995e-24,0.0007882291119330043,0.0,0.0007882291119330043,0.0,Repo,1,R_66783145,6,66783145,couchbase/couchbase-lite-core,False
R_207663235,0.0034129692832764505,0.2706896551724138,0.0,0.01942988915397417,0.0008715854095160564,0.0034129692832764505,0.0008715854095160564,0.10759467219458572,Repo,1,R_207663235,7,207663235,cmu-db/bustub,True
R_168712350,0.0034129692832764505,0.25363489499192243,0.0,0.004037493624672145,0.005776133256721627,0.051194539249146756,0.005776133256721627,0.12270140894614535,Repo,1,R_168712350,15,168712350,Snapchat/KeyDB,True
R_143253020,0.0,0.0,0.0,2.0233157364174995e-24,0.0007882291119330043,0.0,0.0007882291119330043,0.0,Repo,1,R_143253020,9,143253020,microsoft/FASTER,False
R_4604367,0.0,0.0,0.0,2.0233157364174995e-24,0.0007882291119330043,0.0,0.0007882291119330043,0.0,Repo,1,R_4604367,15,4604367,sirixdb/sirix,False
R_90541149,0.017064846416382253,0.2940074906367041,0.00028194157620460445,0.03444187272407403,0.001627804261479404,0.017064846416382253,0.001627804261479404,0.15182560728043715,Repo,1,R_90541149,34,90541149,heavyai/heavydb,True
R_91715647,0.0,0.0,0.0,2.0233157364174995e-24,0.0007882291119330043,0.0,0.0007882291119330043,0.0,Repo,1,R_91715647,8,91715647,gnocchixyz/gnocchi,False
R_16189524,0.0,0.0,0.0,2.0233157364174995e-24,0.0007882291119330043,0.0,0.0007882291119330043,0.0,Repo,1,R_16189524,41,16189524,OpenNMS/newts,False
R_206686299,0.0,0.0,0.0,2.0233157364174995e-24,0.0007882291119330043,0.0,0.0007882291119330043,0.0,Repo,1,R_206686299,19,206686299,rayokota/kareldb,False
R_259542436,0.0,0.0,0.0,2.0233157364174995e-24,0.0007882291119330043,0.0,0.0007882291119330043,0.0,Repo,1,R_259542436,8,259542436,LineairDB/LineairDB,False
R_291675222,0.0034129692832764505,0.22953216374269006,0.0,0.004291793629180232,0.0013817025662523075,0.0034129692832764505,0.0013817025662523075,0.08843360020261355,Repo,1,R_291675222,6,291675222,hstreamdb/hstream,True
R_511030127,0.0,0.0,0.0,2.0233157364174995e-24,0.0007882291119330043,0.0,0.0007882291119330043,0.0,Repo,1,R_511030127,7,511030127,ceramicstudio/js-composedb,False
R_5683653,0.010238907849829351,0.2912801484230056,0.00010235401374538314,0.052693880480207046,0.0022283942112542336,0.030716723549488054,0.0022283942112542336,0.1528379698515439,Repo,1,R_5683653,12,5683653,apache/drill,True
R_3788366,0.0034129692832764505,0.21418826739427013,0.0,0.0017913120932221316,0.0017768284188460974,0.0034129692832764505,0.0017768284188460974,0.08420556015295047,Repo,1,R_3788366,13,3788366,openlink/virtuoso-opensource,True
R_3766330,0.0,0.0,0.0,2.0233157364174995e-24,0.0007882291119330043,0.0,0.0007882291119330043,0.0,Repo,1,R_3766330,2,3766330,pentaho/mondrian,False
R_92329433,0.0034129692832764505,0.2226950354609929,0.0,0.0013151805863193008,0.0014697283032167937,0.0034129692832764505,0.0014697283032167937,0.08501537940128713,Repo,1,R_92329433,12,92329433,canonical/dqlite,True
R_443220240,0.0,0.0,0.0,2.0233157364174995e-24,0.0007882291119330043,0.0,0.0007882291119330043,0.0,Repo,1,R_443220240,19,443220240,tinyplex/tinybase,False
R_528766495,0.006825938566552901,0.29904761904761906,0.0,0.028951236233059098,0.001126007863452671,0.006825938566552901,0.001126007863452671,0.12958150034162036,Repo,1,R_528766495,14,528766495,TuGraph-family/tugraph-db,True
R_323389945,0.0,0.0,0.0,2.0233157364174995e-24,0.0007882291119330043,0.0,0.0007882291119330043,0.0,Repo,1,R_323389945,6,323389945,logicalclocks/rondb,False
R_73235061,0.006825938566552901,0.27399650959860383,0.0010706535290725763,0.020933008852405212,0.005137424939727344,0.09897610921501707,0.005137424939727344,0.14428909363160303,Repo,1,R_73235061,14,73235061,rayokota/hgraphdb,True
R_735981,0.0,0.0,0.0,2.0233157364174995e-24,0.0007882291119330043,0.0,0.0007882291119330043,0.0,Repo,1,R_735981,3,735981,xapian/xapian,False
R_441299511,0.0,0.0,0.0,2.0233157364174995e-24,0.0007882291119330043,0.0,0.0007882291119330043,0.0,Repo,1,R_441299511,8,441299511,reductstore/reductstore,False
R_454981666,0.0,0.0,0.0,2.0233157364174995e-24,0.0007882291119330043,0.0,0.0007882291119330043,0.0,Repo,1,R_454981666,9,454981666,streamnative/oxia,False
R_639434928,0.0034129692832764505,0.0,0.0,2.0254001530518505e-14,0.004486280848724062,0.006825938566552901,0.004486280848724062,0.027239021417222058,Repo,1,R_639434928,15,639434928,cfu288/SylvieJS,False
R_137869753,0.0,0.0,0.0,2.0233157364174995e-24,0.0007882291119330043,0.0,0.0007882291119330043,0.0,Repo,1,R_137869753,11,137869753,appy-one/acebase,False
R_1374129,0.0,0.0,0.0,2.0233157364174995e-24,0.0007882291119330043,0.0,0.0007882291119330043,0.0,Repo,1,R_1374129,14,1374129,BaseXdb/basex,False
R_79901405,0.0,0.0,0.0,2.0233157364174995e-24,0.0007882291119330043,0.0,0.0007882291119330043,0.0,Repo,1,R_79901405,7,79901405,objectbox/objectbox-java,False
R_664816265,0.0,0.0,0.0,2.0233157364174995e-24,0.0007882291119330043,0.0,0.0007882291119330043,0.0,Repo,1,R_664816265,4,664816265,scratchdata/ScratchDB,False
R_206403,0.0034129692832764505,0.2573770491803279,0.0,0.011263128269563367,0.000980466615249828,0.0034129692832764505,0.000980466615249828,0.0992726019018428,Repo,1,R_206403,7,206403,apache/jackrabbit,True
R_664133375,0.0,0.0,0.0,2.0233157364174995e-24,0.0007882291119330043,0.0,0.0007882291119330043,0.0,Repo,1,R_664133375,2,664133375,epsilla-cloud/vectordb,False
R_316690542,0.0,0.0,0.0,2.0233157364174995e-24,0.0007882291119330043,0.0,0.0007882291119330043,0.0,Repo,1,R_316690542,6,316690542,MonetDB/MonetDB,False
R_23315232,0.0,0.0,0.0,2.0233157364174995e-24,0.0007882291119330043,0.0,0.0007882291119330043,0.0,Repo,1,R_23315232,16,23315232,mbdavid/LiteDB,False
R_606125384,0.0,0.0,0.0,2.0233157364174995e-24,0.0007882291119330043,0.0,0.0007882291119330043,0.0,Repo,1,R_606125384,9,606125384,paypal/junodb,False
R_574694308,0.0,0.0,0.0,2.0233157364174995e-24,0.0007882291119330043,0.0,0.0007882291119330043,0.0,Repo,1,R_574694308,18,574694308,RhizomeDB/rs-rhizome,False
R_223462217,0.0,0.0,0.0,2.0233157364174995e-24,0.0007882291119330043,0.0,0.0007882291119330043,0.0,Repo,1,R_223462217,5,223462217,resilientdb/resilientdb,False
R_22475123,0.0,0.0,0.0,2.0233157364174995e-24,0.0007882291119330043,0.0,0.0007882291119330043,0.0,Repo,1,R_22475123,10,22475123,amark/gun,False
R_4254338,0.0,0.0,0.0,2.0233157364174995e-24,0.0007882291119330043,0.0,0.0007882291119330043,0.0,Repo,1,R_4254338,9,4254338,graphite-project/graphite-web,False
R_166387176,0.0,0.0,0.0,2.0233157364174995e-24,0.0007882291119330043,0.0,0.0007882291119330043,0.0,Repo,1,R_166387176,4,166387176,polypheny/Polypheny-DB,False
R_387622288,0.0,0.0,0.0,2.0233157364174995e-24,0.0007882291119330043,0.0,0.0007882291119330043,0.0,Repo,1,R_387622288,3,387622288,elliotchance/vsql,False
R_186332888,0.0,0.0,0.0,2.0233157364174995e-24,0.0007882291119330043,0.0,0.0007882291119330043,0.0,Repo,1,R_186332888,10,186332888,vearch/vearch,False
R_195895847,0.0,0.0,0.0,2.0233157364174995e-24,0.0007882291119330043,0.0,0.0007882291119330043,0.0,Repo,1,R_195895847,11,195895847,hivedb/hive,False
R_50594316,0.0034129692832764505,0.23122238586156113,0.0,0.0055477909264668186,0.001050237924570045,0.0034129692832764505,0.001050237924570045,0.08777315306979454,Repo,1,R_50594316,5,50594316,senx/warp10-platform,True
R_345982729,0.0,0.0,0.0,2.0233157364174995e-24,0.0007882291119330043,0.0,0.0007882291119330043,0.0,Repo,1,R_345982729,1,345982729,GreatSQL/GreatSQL,False
R_679889516,0.0034129692832764505,0.19053398058252427,0.0,0.0004653090433417745,0.0018284182866285215,0.0034129692832764505,0.0018284182866285215,0.07585367285119274,Repo,1,R_679889516,19,679889516,fireproof-storage/fireproof,True
R_534109388,0.0,0.0,0.0,2.0233157364174995e-24,0.0007882291119330043,0.0,0.0007882291119330043,0.0,Repo,1,R_534109388,3,534109388,EuclidOLAP/EuclidOLAP,False
R_6452529,0.0,0.0,0.0,2.0233157364174995e-24,0.0007882291119330043,0.0,0.0007882291119330043,0.0,Repo,1,R_6452529,12,6452529,rethinkdb/rethinkdb,False
R_5761553,0.0,0.0,0.0,2.0233157364174995e-24,0.0007882291119330043,0.0,0.0007882291119330043,0.0,Repo,1,R_5761553,4,5761553,oetiker/rrdtool-1.x,False
R_266515876,0.0,0.0,0.0,2.0233157364174995e-24,0.0007882291119330043,0.0,0.0007882291119330043,0.0,Repo,1,R_266515876,6,266515876,armink/FlashDB,False
R_270858421,0.0034129692832764505,0.0,0.0,8.486401286518864e-18,0.005254860746187055,0.013651877133105802,0.005254860746187055,0.031816030561579126,Repo,1,R_270858421,13,270858421,juji-io/datalevin,False
R_18800032,0.0034129692832764505,0.0,0.0,8.486401286518864e-18,0.005254860746187055,0.013651877133105802,0.005254860746187055,0.031816030561579126,Repo,1,R_18800032,3,18800032,tonsky/datascript,False
R_474070793,0.0,0.0,0.0,2.0233157364174995e-24,0.0007882291119330043,0.0,0.0007882291119330043,0.0,Repo,1,R_474070793,2,474070793,SnellerInc/sneller,False
R_411979983,0.0,0.0,0.0,2.0233157364174995e-24,0.0007882291119330043,0.0,0.0007882291119330043,0.0,Repo,1,R_411979983,9,411979983,elmarti/camadb,False
R_7502247,0.0034129692832764505,0.2573770491803279,0.0,0.011263128269563367,0.0011727041185666518,0.006825938566552901,0.0011727041185666518,0.10045003509040963,Repo,1,R_7502247,13,7502247,lealone/Lealone,True
R_791522,0.0034129692832764505,0.0,0.0,8.486401286518864e-18,0.005254860746187055,0.0034129692832764505,0.005254860746187055,0.031620156965339895,Repo,1,R_791522,13,791522,basho/riak_kv,False
R_349627612,0.0034129692832764505,0.21805555555555556,0.0,0.002018287250550621,0.0012527707202186385,0.0034129692832764505,0.0012527707202186385,0.08259362305730682,Repo,1,R_349627612,14,349627612,khonsulabs/bonsaidb,True
R_276042304,0.0,0.0,0.0,2.0233157364174995e-24,0.0007882291119330043,0.0,0.0007882291119330043,0.0,Repo,1,R_276042304,9,276042304,skytable/skytable,False
R_138411034,0.0,0.0,0.0,2.0233157364174995e-24,0.0007882291119330043,0.0,0.0007882291119330043,0.0,Repo,1,R_138411034,3,138411034,genjidb/genji,False
R_613723,0.0034129692832764505,0.0,0.0,8.486401286518864e-18,0.005254860746187055,0.0034129692832764505,0.005254860746187055,0.031620156965339895,Repo,1,R_613723,17,613723,basho/riak,False
R_49401416,0.006825938566552901,0.29734848484848486,0.001889990181869185,0.024058160860932085,0.002340721946458771,0.006825938566552901,0.002340721946458771,0.13782848683405063,Repo,1,R_49401416,9,49401416,spacejam/sled,True
R_9074548,0.0034129692832764505,0.2573770491803279,0.0,0.011263128269563367,0.0013649416218834754,0.010238907849829351,0.0013649416218834754,0.10162746827897647,Repo,1,R_9074548,8,9074548,orbisgis/h2gis,True
R_496505424,0.0,0.0,0.0,2.0233157364174995e-24,0.0007882291119330043,0.0,0.0007882291119330043,0.0,Repo,1,R_496505424,7,496505424,apache/incubator-horaedb,False
R_642912355,0.0,0.0,0.0,2.0233157364174995e-24,0.0007882291119330043,0.0,0.0007882291119330043,0.0,Repo,1,R_642912355,2,642912355,awa-ai/awadb,False
R_298920362,0.0,0.0,0.0,2.0233157364174995e-24,0.0007882291119330043,0.0,0.0007882291119330043,0.0,Repo,1,R_298920362,3,298920362,oracle/nosql-java-sdk,False
R_52507351,0.0034129692832764505,0.18601895734597157,0.0,0.00025363190446006987,0.0018863229791424058,0.0034129692832764505,0.0018863229791424058,0.07456032298432347,Repo,1,R_52507351,8,52507351,diennea/herddb,True
R_453191009,0.0034129692832764505,0.1686358754027927,0.0,9.215545816683652e-05,0.0010367520744224488,0.006825938566552901,0.0010367520744224488,0.06380104948760967,Repo,1,R_453191009,7,453191009,ostafen/clover,True
R_865412,0.0,0.0,0.0,2.0233157364174995e-24,0.0007882291119330043,0.0,0.0007882291119330043,0.0,Repo,1,R_865412,7,865412,OpenTSDB/opentsdb,False
R_48617634,0.0,0.0,0.0,2.0233157364174995e-24,0.0007882291119330043,0.0,0.0007882291119330043,0.0,Repo,1,R_48617634,25,48617634,orbitdb/orbit-db,False
R_11380094,0.0,0.0,0.0,2.0233157364174995e-24,0.0007882291119330043,0.0,0.0007882291119330043,0.0,Repo,1,R_11380094,7,11380094,msiemens/tinydb,False
R_210997817,0.0,0.0,0.0,2.0233157364174995e-24,0.0007882291119330043,0.0,0.0007882291119330043,0.0,Repo,1,R_210997817,11,210997817,redwood/redwood,False
R_429630067,0.0,0.0,0.0,2.0233157364174995e-24,0.0007882291119330043,0.0,0.0007882291119330043,0.0,Repo,1,R_429630067,3,429630067,marsupialtail/quokka,False
R_635374751,0.0,0.0,0.0,2.0233157364174995e-24,0.0007882291119330043,0.0,0.0007882291119330043,0.0,Repo,1,R_635374751,4,635374751,jina-ai/vectordb,False
R_7357595,0.0,0.0,0.0,2.0233157364174995e-24,0.0007882291119330043,0.0,0.0007882291119330043,0.0,Repo,1,R_7357595,5,7357595,zopefoundation/ZODB,False
R_266444815,0.0,0.0,0.0,2.0233157364174995e-24,0.0007882291119330043,0.0,0.0007882291119330043,0.0,Repo,1,R_266444815,10,266444815,earthstar-project/earthstar,False
R_606800919,0.0,0.0,0.0,2.0233157364174995e-24,0.0007882291119330043,0.0,0.0007882291119330043,0.0,Repo,1,R_606800919,5,606800919,firstbatchxyz/hollowdb,False
R_26774602,0.0,0.0,0.0,2.0233157364174995e-24,0.0007882291119330043,0.0,0.0007882291119330043,0.0,Repo,1,R_26774602,2,26774602,proullon/ramsql,False
R_722117815,0.0,0.0,0.0,2.0233157364174995e-24,0.0007882291119330043,0.0,0.0007882291119330043,0.0,Repo,1,R_722117815,2,722117815,cursusdb/cursusdb,False
R_8335020,0.0,0.0,0.0,2.0233157364174995e-24,0.0007882291119330043,0.0,0.0007882291119330043,0.0,Repo,1,R_8335020,4,8335020,BrightstarDB/BrightstarDB,False
R_23013460,0.0,0.0,0.0,2.0233157364174995e-24,0.0007882291119330043,0.0,0.0007882291119330043,0.0,Repo,1,R_23013460,3,23013460,lsst/qserv,False
R_18351848,0.0,0.0,0.0,2.0233157364174995e-24,0.0007882291119330043,0.0,0.0007882291119330043,0.0,Repo,1,R_18351848,8,18351848,typicode/lowdb,False
R_321853986,0.0034129692832764505,0.2962264150943396,0.0,0.023810751016795896,0.0008251366175999056,0.0034129692832764505,0.0008251366175999056,0.11828776741826476,Repo,1,R_321853986,3,321853986,Tencent/Tendis,True
R_8039659,0.0034129692832764505,0.2573770491803279,0.0,0.011263128269563367,0.000980466615249828,0.0034129692832764505,0.000980466615249828,0.0992726019018428,Repo,1,R_8039659,7,8039659,kairosdb/kairosdb,True
R_628503457,0.0,0.0,0.0,2.0233157364174995e-24,0.0007882291119330043,0.0,0.0007882291119330043,0.0,Repo,1,R_628503457,6,628503457,jdagdelen/hyperDB,False
R_19271154,0.0,0.0,0.0,2.0233157364174995e-24,0.0007882291119330043,0.0,0.0007882291119330043,0.0,Repo,1,R_19271154,2,19271154,JetBrains/xodus,False
R_57401138,0.0,0.0,0.0,2.0233157364174995e-24,0.0007882291119330043,0.0,0.0007882291119330043,0.0,Repo,1,R_57401138,4,57401138,bitnine-oss/agensgraph,False
R_81411018,0.0,0.0,0.0,2.0233157364174995e-24,0.0007882291119330043,0.0,0.0007882291119330043,0.0,Repo,1,R_81411018,5,81411018,microsoft/GraphEngine,False
R_6427744,0.0,0.0,0.0,2.0233157364174995e-24,0.0007882291119330043,0.0,0.0007882291119330043,0.0,Repo,1,R_6427744,6,6427744,Softmotions/ejdb,False
R_160528020,0.0,0.0,0.0,2.0233157364174995e-24,0.0007882291119330043,0.0,0.0007882291119330043,0.0,Repo,1,R_160528020,2,160528020,mateusfreira/nun-db,False
R_371172777,0.0,0.0,0.0,2.0233157364174995e-24,0.0007882291119330043,0.0,0.0007882291119330043,0.0,Repo,1,R_371172777,2,371172777,kelindar/column,False
R_26917250,0.0,0.0,0.0,2.0233157364174995e-24,0.0007882291119330043,0.0,0.0007882291119330043,0.0,Repo,1,R_26917250,2,26917250,pkumod/gStore,False
R_5453989,0.0,0.0,0.0,2.0233157364174995e-24,0.0007882291119330043,0.0,0.0007882291119330043,0.0,Repo,1,R_5453989,2,5453989,jankotek/mapdb,False
R_20537104,0.0,0.0,0.0,2.0233157364174995e-24,0.0007882291119330043,0.0,0.0007882291119330043,0.0,Repo,1,R_20537104,5,20537104,cayleygraph/cayley,False
R_681142,0.0,0.0,0.0,2.0233157364174995e-24,0.0007882291119330043,0.0,0.0007882291119330043,0.0,Repo,1,R_681142,2,681142,Bobris/BTDB,False
R_97518356,0.0,0.0,0.0,2.0233157364174995e-24,0.0007882291119330043,0.0,0.0007882291119330043,0.0,Repo,1,R_97518356,4,97518356,dremio/dremio-oss,False
R_129436009,0.0,0.0,0.0,2.0233157364174995e-24,0.0007882291119330043,0.0,0.0007882291119330043,0.0,Repo,1,R_129436009,2,129436009,rakibtg/SleekDB,False
R_590507334,0.0,0.0,0.0,2.0233157364174995e-24,0.0007882291119330043,0.0,0.0007882291119330043,0.0,Repo,1,R_590507334,3,590507334,StereoDB/StereoDB,False
R_684046299,0.0,0.0,0.0,2.0233157364174995e-24,0.0007882291119330043,0.0,0.0007882291119330043,0.0,Repo,1,R_684046299,4,684046299,OpenTenBase/OpenTenBase,False
R_722854801,0.0034129692832764505,0.22953216374269006,0.0,0.002439707513379651,0.001783026770356069,0.0034129692832764505,0.001783026770356069,0.08973613930970854,Repo,1,R_722854801,4,722854801,oasysai/oasysdb,True
R_11654790,0.006825938566552901,0.0,0.00010309037355650102,3.912772147493404e-14,0.0065259736532505075,0.010238907849829351,0.0065259736532505075,0.04506316133901445,Repo,1,R_11654790,5,11654790,techfort/LokiJS,False
R_147880351,0.0,0.0,0.0,2.0233157364174995e-24,0.0007882291119330043,0.0,0.0007882291119330043,0.0,Repo,1,R_147880351,2,147880351,njaard/sonnerie,False
R_278320002,0.0,0.0,0.0,2.0233157364174995e-24,0.0007882291119330043,0.0,0.0007882291119330043,0.0,Repo,1,R_278320002,5,278320002,estraier/tkrzw,False
R_37285717,0.0,0.0,0.0,2.0233157364174995e-24,0.0007882291119330043,0.0,0.0007882291119330043,0.0,Repo,1,R_37285717,4,37285717,pilgr/Paper,False
R_184227406,0.0,0.0,0.0,2.0233157364174995e-24,0.0007882291119330043,0.0,0.0007882291119330043,0.0,Repo,1,R_184227406,3,184227406,tikv/agatedb,False
R_597066476,0.0,0.0,0.0,2.0233157364174995e-24,0.0007882291119330043,0.0,0.0007882291119330043,0.0,Repo,1,R_597066476,3,597066476,tontinton/dbeel,False
R_52420005,0.0,0.0,0.0,2.0233157364174995e-24,0.0007882291119330043,0.0,0.0007882291119330043,0.0,Repo,1,R_52420005,4,52420005,griddb/griddb,False
R_183929744,0.0,0.0,0.0,2.0233157364174995e-24,0.0007882291119330043,0.0,0.0007882291119330043,0.0,Repo,1,R_183929744,3,183929744,erikgrinaker/toydb,False
R_33275300,0.0,0.0,0.0,2.0233157364174995e-24,0.0007882291119330043,0.0,0.0007882291119330043,0.0,Repo,1,R_33275300,2,33275300,cachelot/cachelot,False
R_197858776,0.0,0.0,0.0,2.0233157364174995e-24,0.0007882291119330043,0.0,0.0007882291119330043,0.0,Repo,1,R_197858776,4,197858776,textileio/go-threads,False
R_416174776,0.0,0.0,0.0,2.0233157364174995e-24,0.0007882291119330043,0.0,0.0007882291119330043,0.0,Repo,1,R_416174776,3,416174776,pysonDB/pysonDB-v2,False
R_129072319,0.0,0.0,0.0,2.0233157364174995e-24,0.0007882291119330043,0.0,0.0007882291119330043,0.0,Repo,1,R_129072319,5,129072319,CovenantSQL/CovenantSQL,False
R_116522453,0.0,0.0,0.0,2.0233157364174995e-24,0.0007882291119330043,0.0,0.0007882291119330043,0.0,Repo,1,R_116522453,3,116522453,akrylysov/pogreb,False
R_341208515,0.0,0.0,0.0,2.0233157364174995e-24,0.0007882291119330043,0.0,0.0007882291119330043,0.0,Repo,1,R_341208515,2,341208515,edgelesssys/edgelessdb,False
R_331747853,0.0,0.0,0.0,2.0233157364174995e-24,0.0007882291119330043,0.0,0.0007882291119330043,0.0,Repo,1,R_331747853,2,331747853,microsoft/Extensible-Storage-Engine,False
R_111333972,0.0,0.0,0.0,2.0233157364174995e-24,0.0007882291119330043,0.0,0.0007882291119330043,0.0,Repo,1,R_111333972,2,111333972,arun1729/cog,False
R_8103021,0.0,0.0,0.0,2.0233157364174995e-24,0.0007882291119330043,0.0,0.0007882291119330043,0.0,Repo,1,R_8103021,3,8103021,Netflix/EVCache,False
R_48451041,0.0,0.0,0.0,2.0233157364174995e-24,0.0007882291119330043,0.0,0.0007882291119330043,0.0,Repo,1,R_48451041,2,48451041,blazegraph/database,False
R_320459354,0.0,0.0,0.0,2.0233157364174995e-24,0.0007882291119330043,0.0,0.0007882291119330043,0.0,Repo,1,R_320459354,4,320459354,bytedance/terarkdb,False
R_51290852,0.0,0.0,0.0,2.0233157364174995e-24,0.0007882291119330043,0.0,0.0007882291119330043,0.0,Repo,1,R_51290852,1,51290852,bigchaindb/bigchaindb,False
R_61269853,0.0,0.0,0.0,2.0233157364174995e-24,0.0007882291119330043,0.0,0.0007882291119330043,0.0,Repo,1,R_61269853,2,61269853,vanilladb/vanillacore,False
R_63731386,0.0,0.0,0.0,2.0233157364174995e-24,0.0007882291119330043,0.0,0.0007882291119330043,0.0,Repo,1,R_63731386,2,63731386,tidwall/buntdb,False
R_7561862,0.006825938566552901,0.2565359477124183,0.00721632614895507,0.009093566417623836,0.002338707844435352,0.006825938566552901,0.002338707844435352,0.12854450348261387,Repo,1,R_7561862,3,7561862,ideawu/ssdb,True
R_632269609,0.0,0.0,0.0,2.0233157364174995e-24,0.0007882291119330043,0.0,0.0007882291119330043,0.0,Repo,1,R_632269609,2,632269609,kagisearch/vectordb,False
R_738338,0.0,0.0,0.0,2.0233157364174995e-24,0.0007882291119330043,0.0,0.0007882291119330043,0.0,Repo,1,R_738338,4,738338,NEventStore/NEventStore,False
R_85236158,0.0,0.0,0.0,2.0233157364174995e-24,0.0007882291119330043,0.0,0.0007882291119330043,0.0,Repo,1,R_85236158,2,85236158,lambdazen/bitsy,False
R_131763823,0.0,0.0,0.0,2.0233157364174995e-24,0.0007882291119330043,0.0,0.0007882291119330043,0.0,Repo,1,R_131763823,2,131763823,quoll/asami,False
R_5912693,0.0,0.0,0.0,2.0233157364174995e-24,0.0007882291119330043,0.0,0.0007882291119330043,0.0,Repo,1,R_5912693,2,5912693,ncannasse/castle,False
R_15001136,0.0,0.0,0.0,2.0233157364174995e-24,0.0007882291119330043,0.0,0.0007882291119330043,0.0,Repo,1,R_15001136,2,15001136,etoile/CoreObject,False
R_509396909,0.0,0.0,0.0,2.0233157364174995e-24,0.0007882291119330043,0.0,0.0007882291119330043,0.0,Repo,1,R_509396909,1,509396909,lingo-db/lingo-db,False
R_2662146,0.0,0.0,0.0,2.0233157364174995e-24,0.0007882291119330043,0.0,0.0007882291119330043,0.0,Repo,1,R_2662146,2,2662146,patx/pickledb,False
